id,Label,category,value
0,Staurosporine,0,1
1,"6,7,12,13-tetrahydro-5H-indolo[2,3-a]pyrrolo[3,4-c]carbazol-5-one",0,1
2,Bisindolylmaleimide I,0,1
3,PD-166326,0,1
4,Ellagic acid,0,1
5,p-Coumaric acid,0,1
6,"3,4-Dihydroxycinnamic Acid",0,1
7,Bosutinib,0,1
8,PD-168393,0,1
9,(2E)-N-{4-[(3-bromophenyl)amino]quinazolin-6-yl}-4-(dimethylamino)but-2-enamide,0,1
10,"4-[3-Hydroxyanilino]-6,7-Dimethoxyquinazoline",0,1
11,Vandetanib,0,1
12,Canertinib,0,1
13,Orantinib,0,1
14,Sunitinib,0,1
15,SU-11652,0,1
16,Semaxanib,0,1
17,Vatalanib,0,1
18,3-[(3-(2-CARBOXYETHYL)-4-METHYLPYRROL-2-YL)METHYLENE]-2-INDOLINONE,0,1
19,Lapatinib,0,1
20,Erlotinib,0,1
21,Gefitinib,0,1
22,O6-CYCLOHEXYLMETHOXY-2-(4'-SULPHAMOYLANILINO) PURINE,0,1
23,"2-(4-(AMINOMETHYL)PIPERIDIN-1-YL)-N-(3_CYCLOHEXYL-4-OXO-2,4-DIHYDROINDENO[1,2-C]PYRAZOL-5-YL)ACETAMIDE",0,1
24,Alvocidib,0,1
25,Olomoucine,0,1
26,SNS-032,0,1
27,"6-(3,4-DIHYDROXYBENZYL)-3-ETHYL-1-(2,4,6-TRICHLOROPHENYL)-1H-PYRAZOLO[3,4-D]PYRIMIDIN-4(5H)-ONE",0,1
28,"1-(3-(2,4-DIMETHYLTHIAZOL-5-YL)-4-OXO-2,4-DIHYDROINDENO[1,2-C]PYRAZOL-5-YL)-3-(4-METHYLPIPERAZIN-1-YL)UREA",0,1
29,Palbociclib,0,1
30,PD173955,0,1
31,"N'-(Pyrrolidino[2,1-B]Isoindolin-4-On-8-Yl)-N-(Pyridin-2-Yl)Urea",0,1
32,"1-(5-OXO-2,3,5,9B-TETRAHYDRO-1H-PYRROLO[2,1-A]ISOINDOL-9-YL)-3-(5-PYRROLIDIN-2-YL-1H-PYRAZOL-3-YL)-UREA",0,1
33,Triamterene,0,1
34,Pteroic acid,0,1
35,"PHENYLAMINOIMIDAZO(1,2-ALPHA)PYRIDINE",0,1
36,"[2-Amino-6-(2,6-Difluoro-Benzoyl)-Imidazo[1,2-a]Pyridin-3-Yl]-Phenyl-Methanone",0,1
37,K-252a,0,1
38,K-00546,0,1
39,6-(3-AMINOPHENYL)-N-(TERT-BUTYL)-2-(TRIFLUOROMETHYL)QUINAZOLIN-4-AMINE,0,1
40,N-(3-cyclopropyl-1H-pyrazol-5-yl)-2-(2-naphthyl)acetamide,0,1
41,Alsterpaullone,0,1
42,6-bromoindirubin-3'-oxime,0,1
43,Apigenin,0,1
44,Quercetin,0,1
45,Kaempherol,0,1
46,Purvalanol,0,1
47,Seliciclib,0,1
48,"N-[4-(2-Methylimidazo[1,2-a]Pyridin-3-Yl)-2-Pyrimidinyl]Acetamide",0,1
49,"4-[(4-Imidazo[1,2-a]Pyridin-3-Ylpyrimidin-2-Yl)Amino]Benzenesulfonamide",0,1
50,"4-(2,4-Dimethyl-Thiazol-5-Yl)-Pyrimidin-2-Ylamine",0,1
51,"4-(2,4-Dimethyl-1,3-thiazol-5-yl)-N-[4-(trifluoromethyl)phenyl]-2-pyrimidinamine",0,1
52,"3-[4-(2,4-Dimethyl-Thiazol-5-Yl)-Pyrimidin-2-Ylamino]-Phenol",0,1
53,4-[4-(4-Methyl-2-Methylamino-Thiazol-5-Yl)-Pyrimidin-2-Ylamino]-Phenol,0,1
54,[4-(2-Amino-4-Methyl-Thiazol-5-Yl)-Pyrimidin-2-Yl]-(3-Nitro-Phenyl)-Amine,0,1
55,"N-[4-(2,4-DIMETHYL-THIAZOL-5-YL)-PYRIMIDIN-2-YL]-N',N'-DIMETHYL-BENZENE-1,4-DIAMINE",0,1
56,"4-((3r,4s,5r)-4-Amino-3,5-Dihydroxy-Hex-1-Ynyl)-5-Fluoro-3-[1-(3-Methoxy-1h-Pyrrol-2-Yl)-Meth-(Z)-Ylidene]-1,3-Dihydro-Indol-2-One",0,1
57,5-[(2-AMINOETHYL)AMINO]-6-FLUORO-3-(1H-PYRROL-2-YL)BENZO[CD]INDOL-2(1H)-ONE,0,1
58,(2R)-2-({6-[benzyl(methyl)amino]-9-isopropyl-9H-purin-2-yl}amino)butan-1-ol,0,1
59,"O6-(R)-ROSCOVITINE, R-2-(6-BENZYLOXY-9-ISOPROPYL-9H-PURIN-2-YLAMINO)-BUTAN-1-OL",0,1
60,Niclosamide,0,1
61,2-[Trans-(4-Aminocyclohexyl)Amino]-6-(Benzyl-Amino)-9-Cyclopentylpurine,0,1
62,Saracatinib,0,1
63,RO-4584820,0,1
64,LY-294002,0,1
65,Dasatinib,0,1
66,Imatinib,0,1
67,Doramapimod,0,1
68,Tandutinib,0,1
69,Fasudil,0,1
70,Rolipram,0,1
71,Zardaverine,0,1
72,A-674563,0,1
73,Wortmannin,0,1
74,4-[5-[2-(1-phenyl-ethylamino)-pyrimidin-4-yl]-1-methyl-4-(3-trifluoromethylphenyl)-1H-imidazol-2-yl]-piperidine,0,1
75,Neflamapimod,0,1
76,Milrinone,0,1
77,Tanespimycin,0,1
78,Radicicol,0,1
79,"5-(5-CHLORO-2,4-DIHYDROXYPHENYL)-N-ETHYL-4-(4-METHOXYPHENYL)-1H-PYRAZOLE-3-CARBOXAMIDE",0,1
80,"9-Butyl-8-(3,4,5-Trimethoxybenzyl)-9h-Purin-6-Amine",0,1
81,9-Butyl-8-(4-Methoxybenzyl)-9h-Purin-6-Amine,0,1
82,9-Butyl-8-(3-Methoxybenzyl)-9h-Purin-6-Amine,0,1
83,"8-BENZO[1,3]DIOXOL-,5-YLMETHYL-9-BUTYL-9H-",0,1
84,"9-Butyl-8-(2,5-Dimethoxy-Benzyl)-9h-Purin-6-Ylamine",0,1
85,"9-Butyl-8-(2-Chloro-3,4,5-Trimethoxy-Benzyl)-9h-Purin-6-Ylamine",0,1
86,"8-(2-Chloro-3,4,5-Trimethoxy-Benzyl)-9-Pent-4-Ylnyl-9h-Purin-6-Ylamine",0,1
87,"8-(2-Chloro-3,4,5-Trimethoxy-Benzyl)-2-Fluoro-9-Pent-4-Ylnyl-9h-Purin-6-Ylamine",0,1
88,"8-(2,5-Dimethoxy-Benzyl)-2-Fluoro-9h-Purin-6-Ylamine",0,1
89,"9-Butyl-8-(2,5-Dimethoxy-Benzyl)-2-Fluoro-9h-Purin-6-Ylamine",0,1
90,"8-(2,5-Dimethoxy-Benzyl)-2-Fluoro-9-Pent-9h-Purin-6-Ylamine",0,1
91,"8-Benzo[1,3]Dioxol-,5-Ylmethyl-9-Butyl-2-Fluoro-9h-Purin-6-Ylamine",0,1
92,Sorafenib,0,1
93,7-Hydroxystaurosporine,0,1
94,Ruboxistaurin,0,1
95,Indomethacin,0,1
96,Methotrexate,0,1
97,Duvoglustat,0,1
98,Pemetrexed,0,1
99,Trichostatin A,0,1
100,Vorinostat,0,1
101,Entinostat,0,1
102,Tacedinaline,0,1
103,Genistein,0,1
104,Geldanamycin,0,1
105,BIIB021,0,1
106,"5-(5-CHLORO-2,4-DIHYDROXYPHENYL)-N-ETHYL-4-(4-METHOXYPHENYL)ISOXAZOLE-3-CARBOXAMIDE",0,1
107,"5-(5-chloro-2,4-dihydroxyphenyl)-N-ethyl-4-[4-(morpholin-4-ylmethyl)phenyl]isoxazole-3-carboxamide",0,1
108,AUY922,0,1
109,Ciprofloxacin,0,1
110,Nalidixic acid,0,1
111,Acetylsalicylic acid,0,1
112,Meclofenamic acid,0,1
113,Doxorubicin,0,1
114,Daidzein,0,1
115,Resveratrol,0,1
116,AMG-208,0,1
117,Novobiocin,0,1
118,Abexinostat,0,1
119,Mocetinostat,0,1
120,"{[(2,6-difluorophenyl)carbonyl]amino}-N-(4-fluorophenyl)-1H-pyrazole-3-carboxamide",0,1
121,AT-7519,0,1
122,Motesanib,0,1
123,GSK-690693,0,1
124,Pictilisib,0,1
125,CP-547632,0,1
126,"1-Ter-Butyl-3-P-Tolyl-1h-Pyrazolo[3,4-D]Pyrimidin-4-Ylamine",0,1
127,Axitinib,0,1
128,Dovitinib,0,1
129,Belinostat,0,1
130,Zoledronic acid,0,1
131,PLX-4720,0,1
132,AEE-788,0,1
133,4-hydroxybenzoic acid,0,1
134,"2-tert-butyl-9-fluoro-1,6-dihydrobenzo[h]imidazo[4,5-f]isoquinolin-7-one",0,1
135,Pazopanib,0,1
136,Purvalanol A,0,1
137,"(2R)-2-{[4-(benzylamino)-8-(1-methylethyl)pyrazolo[1,5-a][1,3,5]triazin-2-yl]amino}butan-1-ol",0,1
138,BMS-777607,0,1
139,Rosiglitazone,0,1
140,Serotonin,0,1
141,Curcumin,0,1
142,Panobinostat,0,1
143,Bisphenol A,0,1
144,MLN8054,0,1
145,CP-724714,0,1
146,Adenosine,0,1
147,Amrinone,0,1
148,Docetaxel,0,1
149,"1-cyclobutyl-3-(3,4-dimethoxyphenyl)-1H-pyrazolo[3,4-d]pyrimidin-4-amine",0,1
150,Bexarotene,0,1
151,Tofacitinib,0,1
152,Emetine,0,1
153,Vinpocetine,0,1
154,Topotecan,0,1
155,Chlorhexidine,0,1
156,Epigallocatechin gallate,0,1
157,Naproxen,0,1
158,Ibuprofen,0,1
159,Ketoprofen,0,1
160,Promazine,0,1
161,Phloretin,0,1
162,"5-QUINOXALIN-6-YLMETHYLENE-THIAZOLIDINE-2,4-DIONE",0,1
163,Thioridazine,0,1
164,Methdilazine,0,1
165,(3E)-3-[(phenylamino)methylidene]dihydrofuran-2(3H)-one,0,1
166,Diazepam,0,1
167,Theobromine,0,1
168,Nilotinib,0,1
169,Ketorolac,0,1
170,Mesalazine,0,1
171,Doconexent,0,1
172,Diazoxide,0,1
173,S-adenosyl-L-homocysteine,0,1
174,Ponatinib,0,1
175,Dactolisib,0,1
176,Harmine,0,1
177,Tazemetostat,0,1
178,Idelalisib,0,1
179,Mirdametinib,0,1
180,CI-1040,0,1
181,Ricolinostat,0,1
182,Dacomitinib,0,1
183,SGX-523,0,1
184,Ofloxacin,0,1
185,Foretinib,0,1
186,Crizotinib,0,1
187,Tamatinib,0,1
188,Pyrotinib,0,1
189,Gilteritinib,0,1
190,Ribociclib,0,1
191,Rociletinib,0,1
192,Flavone,0,1
193,Entrectinib,0,1
194,Ibrutinib,0,1
195,Tivozanib,0,1
196,Naquotinib,0,1
197,AZD-8055,0,1
198,Vistusertib,0,1
199,Alectinib,0,1
200,BMS-690514,0,1
201,Cabozantinib,0,1
202,CUDC-101,0,1
203,Neratinib,0,1
204,Nintedanib,0,1
205,Vemurafenib,0,1
206,Paclitaxel,0,1
207,2-({5-CHLORO-2-[(2-METHOXY-4-MORPHOLIN-4-YLPHENYL)AMINO]PYRIMIDIN-4-YL}AMINO)-N-METHYLBENZAMIDE,0,1
208,Ceritinib,0,1
209,Sulindac,0,1
210,Quizartinib,0,1
211,Phosphonoacetohydroxamic Acid,0,1
212,Niraparib,0,1
213,Rucaparib,0,1
214,Navtemadlin,0,1
215,Afatinib,0,1
216,Infigratinib,0,1
217,Zanubrutinib,0,1
218,Perazine,0,1
219,Latrunculin A,0,1
220,Icotinib,0,1
221,Osimertinib,0,1
222,Evobrutinib,0,1
223,Ruxolitinib,0,1
224,Decernotinib,0,1
225,Fedratinib,0,1
226,Baricitinib,0,1
227,Buparlisib,0,1
228,Acalabrutinib,0,1
229,Berzosertib,0,1
230,Ivosidenib,0,1
231,Zelavespib,0,1
232,Cediranib,0,1
233,Lorlatinib,0,1
234,Abemaciclib,0,1
235,GSK-2636771,0,1
236,Tucatinib,0,1
237,Enasidenib,0,1
238,Alvespimycin,0,1
239,CC-401,0,1
240,Phenethyl Isothiocyanate,0,1
241,Trametinib,0,1
242,AZD-8330,0,1
243,Binimetinib,0,1
244,Brigatinib,0,1
245,Poziotinib,0,1
246,Tucidinostat,0,1
247,Dinaciclib,0,1
248,Asciminib,0,1
249,Pexidartinib,0,1
250,Midostaurin,0,1
251,Anagrelide,0,1
252,Enzastaurin,0,1
253,Benzhydroxamic Acid,0,1
254,Proquazone,0,1
255,Norfloxacin,0,1
256,Enoximone,0,1
257,Falnidamol,0,1
258,"9-HYDROXY-4-PHENYL-6H-PYRROLO[3,4-C]CARBAZOLE-1,3-DIONE",0,1
259,Alpelisib,0,1
260,Onalespib,0,1
261,Brivanib,0,1
262,"N-[(1S)-2-AMINO-1-(2,4-DICHLOROBENZYL)ETHYL]-5-[2-(METHYLAMINO)PYRIMIDIN-4-YL]THIOPHENE-2-CARBOXAMIDE",0,1
263,PP-121,0,1
264,Pracinostat,0,1
265,Masitinib,0,1
266,Selumetinib,0,1
267,ZSTK-474,0,1
268,PHA-793887,0,1
269,N-(4-chlorophenyl)-2-[(pyridin-4-ylmethyl)amino]benzamide,0,1
270,Temozolomide,0,1
271,VS-5584,0,1
272,Cilostazol,0,1
273,"4-CHLORO-6-(4-{4-[4-(METHYLSULFONYL)BENZYL]PIPERAZIN-1-YL}-1H-PYRAZOL-5-YL)BENZENE-1,3-DIOL",0,1
274,"5-(5-CHLORO-2,4-DIHYDROXYPHENYL)-N-ETHYL-4-PIPERAZIN-1-YL-1H-PYRAZOLE-3-CARBOXAMIDE",0,1
275,"4-CHLORO-6-(4-PIPERAZIN-1-YL-1H-PYRAZOL-5-YL)BENZENE-1,3-DIOL",0,1
276,N-{3-[(4-{[3-(TRIFLUOROMETHYL)PHENYL]AMINO}PYRIMIDIN-2-YL)AMINO]PHENYL}CYCLOPROPANECARBOXAMIDE,0,1
277,Quisinostat,0,1
278,Givinostat,0,1
279,Vesnarinone,0,1
280,BMS-911543,0,1
281,AZD-3759,0,1
282,"N~3~-cyclopropyl-N~4~'-(cyclopropylmethyl)-6-methylbiphenyl-3,4'-dicarboxamide",0,1
283,5-Bromoindirubin,0,1
284,Omipalisib,0,1
285,(2R)-2-({9-(1-methylethyl)-6-[(4-pyridin-2-ylbenzyl)amino]-9H-purin-2-yl}amino)butan-1-ol,0,1
286,4-[(4-METHYL-1-PIPERAZINYL)METHYL]-N-[3-[[4-(3-PYRIDINYL)-2-PYRIMIDINYL]AMINO]PHENYL]-BENZAMIDE,0,1
287,Olmutinib,0,1
288,Indirubin-3'-monoxime,0,1
289,Bemcentinib,0,1
290,Fimepinostat,0,1
291,Duvelisib,0,1
292,Copanlisib,0,1
293,Varlitinib,0,1
294,Sapitinib,0,1
295,Clorobiocin,0,1
296,CAN-508,0,1
297,BMS-599626,0,1
298,Betadex,0,1
299,Tanzisertib,0,1
300,Ganaxolone,0,1
301,HKI-357,0,1
302,IPI-493,0,1
303,Bafetinib,0,1
304,"N-cyclopropyl-2',6-dimethyl-4'-(5-methyl-1,3,4-oxadiazol-2-yl)biphenyl-3-carboxamide",0,1
305,Dihydroergocristine,0,1
306,"4-[3-Methylsulfanylanilino]-6,7-Dimethoxyquinazoline",0,1
307,"ethyl 3-[(E)-2-amino-1-cyanoethenyl]-6,7-dichloro-1-methyl-1H-indole-2-carboxylate",0,1
308,Ganetespib,0,1
309,Roniciclib,0,1
310,"2-(1H-pyrrol-1-ylcarbonyl)benzene-1,3,5-triol",0,1
311,"4-{[(2R)-2-(2-methylphenyl)pyrrolidin-1-yl]carbonyl}benzene-1,3-diol",0,1
312,Etamivan,0,1
313,4-[(6-Amino-4-Pyrimidinyl)Amino]Benzenesulfonamide,0,1
314,SU9516,0,1
315,Tesevatinib,0,1
316,Flumatinib,0,1
317,Radotinib,0,1
318,Indirubin-5-sulphonate,0,1
319,Gusacitinib,0,1
320,Moxisylyte,0,1
321,Epidermal growth factor receptor,1,1
322,Cyclin-dependent kinase 4/G1/S-specific cyclin-D1,1,1
323,Cyclin-dependent kinase 2/G1/S-specific cyclin-E1,1,1
324,Cyclin-dependent kinase 4/G1/S-specific cyclin-D1 [L188C],1,1
325,Cyclin-dependent kinase 6/G1/S-specific cyclin-D1 [L188C],1,1
326,"Phosphatidylinositol 3-kinase regulatory subunit alpha/4,5-bisphosphate 3-kinase catalytic subunit alpha isoform",1,1
327,"Phosphatidylinositol 3-kinase regulatory subunit alpha/4,5-bisphosphate 3-kinase catalytic subunit alpha isoform [H1047R]",1,1
328,"Phosphatidylinositol 3-kinase regulatory subunit alpha/4,5-bisphosphate 3-kinase catalytic subunit alpha isoform [E545K]",1,1
329,"Phosphatidylinositol 3-kinase regulatory subunit alpha/4,5-bisphosphate 3-kinase catalytic subunit beta isoform",1,1
330,"Phosphatidylinositol 4,5-bisphosphate 3-kinase catalytic subunit alpha/beta isoform",1,1
331,"Phosphatidylinositol 4,5-bisphosphate 3-kinase catalytic subunit alpha isoform/Serine/threonine-protein kinase mTOR",1,1
332,"Phosphatidylinositol 4,5-bisphosphate 3-kinase catalytic subunit alpha isoform/Tyrosine-protein kinase ABL1",1,1
333,"Phosphatidylinositol 4,5-bisphosphate 3-kinase catalytic subunit alpha isoform/Proto-oncogene tyrosine-protein kinase Src",1,1
334,"Phosphatidylinositol 4,5-bisphosphate 3-kinase catalytic subunit alpha isoform/Vascular endothelial growth factor receptor 2",1,1
335,"Phosphatidylinositol 4,5-bisphosphate 3-kinase catalytic subunit alpha isoform/Receptor protein-tyrosine kinase",1,1
336,"Phosphatidylinositol 4,5-bisphosphate 3-kinase catalytic subunit alpha isoform/Platelet-derived growth factor receptor beta [525-1106] ",1,1
337,Cellular tumor antigen p53 [1-83]/E3 ubiquitin-protein ligase Mdm2 [1-188],1,1
338,Epidermal/Hepatocyte growth factor receptor,1,1
339,ALK tyrosine kinase/Hepatocyte growth factor receptor,1,1
340,Hepatocyte growth factor receptor/Proto-oncogene tyrosine-protein kinase receptor Ret,1,1
341,Bromodomain-containing protein 4 [75-147],1,1
342,Bromodomain-containing protein 4 [368-440],1,1
343,Glutathione S-transferase P/Mucosa-associated lymphoid tissue lymphoma translocation protein 1,1,1
344,Isocitrate dehydrogenase [NADP] cytoplasmic [R132C],1,1
345,Isocitrate dehydrogenase [NADP] cytoplasmic [R132H],1,1
346,Endoplasmin/Heat shock protein 75/Heat shock protein HSP 90-alpha/Heat shock protein HSP 90-beta,1,1
347,Cyclin-dependent kinase 4/G1/S-specific cyclin-D3,1,1
348,Cyclin-dependent kinase 6/G1/S-specific cyclin-D3,1,1
349,Cyclin-dependent kinase/G1/S-specific cyclin- 2,1,1
350,Cyclin-dependent kinase 1/G1/S-specific cyclin-D3,1,1
351,Cyclin-dependent kinase 4/G1/S-specific cyclin-E1,1,1
352,Cyclin-dependent kinase 4/6,1,1
353,Dual specificity mitogen-activated protein kinase kinase 1/2,1,1
354,Cyclin-dependent kinase 6/G1/S-specific cyclin-D1,1,1
355,Cyclin-K/Cyclin-dependent kinase 12,1,1
356,Platelet-derived growth factor receptor alpha/beta,1,1
357,Heat shock protein HSP 90-alpha/90-beta,1,1
358,Histone deacetylase 3/Nuclear receptor corepressor 2 (HDAC3/NCoR2),1,1
359,Non-receptor tyrosine-protein kinase TYK2/Tyrosine-protein kinase JAK1/Tyrosine-protein kinase JAK2,1,1
360,Non-receptor tyrosine-protein kinase TYK2/Tyrosine-protein kinase JAK1,1,1
361,JAK3/JAK1,1,1
362,Non-receptor tyrosine-protein kinase TYK2/Tyrosine-protein kinase JAK2,1,1
363,Cyclin-dependent kinase 2/G1/S-specific cyclin-E1/G1/S-specific cyclin-E2,1,1
364,ALK tyrosine kinase receptor/Nucleophosmin,1,1
365,Breakpoint cluster region protein/Tyrosine-protein kinase ABL1,1,1
366,Tyrosine-protein kinase ABL1/ABL2,1,1
367,RAC-alpha/RAC-beta/RAC-gamma serine/threonine-protein kinase,1,1
368,Histone-lysine N-methyltransferase 2A,1,1
369,Fibroblast growth factor receptor 1/2/3/4,1,1
370,Kinesin-1 heavy chain/Proto-oncogene tyrosine-protein kinase receptor Ret,1,1
371,Coiled-coil domain-containing protein 6/Proto-oncogene tyrosine-protein kinase receptor Ret,1,1
372,Cell division control protein 42 homolog/Ras-related C3 botulinum toxin substrate 1,1,1
373,RAF proto-oncogene serine/threonine-protein kinase/Serine/threonine-protein kinase B-raf,1,1
374,Bifunctional purine biosynthesis protein ATIC/Thymidylate synthase/Trifunctional purine biosynthetic protein adenosine-3,1,1
375,Histone-binding protein RBBP4/Histone-lysine N-methyltransferase EZH1/Polycomb protein EED/Polycomb protein SUZ12/Zinc finger protein AEBP2,1,1
376,Tyrosine-protein kinase JAK1/JAK2,1,1
377,Histone deacetylase 3/Nuclear receptor corepressor 1,1,1
378,ALK tyrosine kinase receptor/Echinoderm microtubule-associated protein-like 4,1,1
379,CREB-binding protein/Histone acetyltransferase p300,1,1
380,Vascular endothelial growth factor receptor 1/2/3,1,1
381,Dual specificity mitogen-activated protein kinase kinase 1/RAF proto-oncogene serine/threonine-protein kinase,1,1
382,Endothelial PAS domain-containing protein 1/Hypoxia-inducible factor 1-alpha,1,1
383,Transcription factor ETV6/Tyrosine-protein kinase receptor UFO,1,1
384,Non-receptor tyrosine-protein kinase TYK2/Tyrosine-protein kinase JAK1/Tyrosine-protein kinase JAK2/Tyrosine-protein kinase JAK3,1,1
385,HLA class II histocompatibility antigen gamma chain/Proto-oncogene tyrosine-protein kinase ROS,1,1
386,Proto-oncogene tyrosine-protein kinase ROS/Sodium-dependent phosphate transport protein 2B,1,1
387,Tyrosine-protein kinase ABL1 [T315I]/Breakpoint cluster region protein,1,1
388,Cyclin-dependent kinase 2/G1/S-specific cyclin-D1,1,1
389,Protein kinase C beta type,2,1
390,cAMP-dependent protein kinase catalytic subunit alpha,2,1
391,Insulin receptor,2,1
392,"Phosphorylase b kinase regulatory subunit alpha, skeletal muscle isoform",2,1
393,"Myosin light chain kinase, smooth muscle",2,1
394,cGMP-dependent protein kinase 1,2,1
395,Tyrosine-protein phosphatase non-receptor type 2,2,1
396,Platelet-derived growth factor receptor beta,2,1
397,Fibroblast growth factor receptor 1,2,1
398,Proto-oncogene tyrosine-protein kinase Src,2,1
399,Receptor tyrosine-protein kinase erbB-2,2,1
400,Vascular endothelial growth factor receptor 1,2,1
401,Vascular endothelial growth factor receptor 2,2,1
402,Cyclin-dependent kinase 1/G2/mitotic-specific cyclin-B,2,1
403,Cyclin-A2 [171-432]/Cyclin-dependent kinase 2,2,1
404,Cyclin-dependent kinase/G2/mitotic-specific cyclin- 1,2,1
405,Tyrosine-protein kinase ABL1,2,1
406,Cyclin-A2/Cyclin-dependent kinase 2,2,1
407,Tyrosine-protein kinase Lck,2,1
408,Tyrosine-protein kinase ZAP-70,2,1
409,Glycogen synthase kinase-3 beta [7-25],2,1
410,Casein kinase I isoform delta,2,1
411,Mitogen-activated protein kinase 1,2,1
412,Calcium/calmodulin-dependent protein kinase type II subunit alpha,2,1
413,Cyclin-dependent kinase 5 activator 1 [99-307],2,1
414,Glycogen synthase kinase-3 beta,2,1
415,Cyclin homolog/dependent kinase 6,2,1
416,Cyclin-dependent kinase 5 activator 1,2,1
417,Cyclin-H/Cyclin-dependent kinase 7,2,1
418,Cyclin-T1/Cyclin-dependent kinase 9,2,1
419,Protein kinase C alpha type,2,1
420,Casein kinase II subunit alpha,2,1
421,Casein kinase I isoform alpha,2,1
422,Dual specificity tyrosine-phosphorylation-regulated kinase 1A,2,1
423,Replicase polyprotein 1ab,2,1
424,Cyclin-A2 [171-432]/Cyclin-dependent kinase 2 [K89T],2,1
425,"Cyclin-A2 [171-432]/Cyclin-dependent kinase 2 [L83V,H84D]",2,1
426,Cyclin-A2 [171-432]/Cyclin-dependent kinase 2 [F82H],2,1
427,"Cyclin-A2 [171-432]/Cyclin-dependent kinase 2 [F82H,L83V,H84D]",2,1
428,"Cyclin-A2 [171-432]/Cyclin-dependent kinase 2 [F82H,L83V,H84D,K98T]",2,1
429,Serine/threonine-protein kinase pim-1,2,1
430,Tyrosine-protein kinase ABL1 [201-500],2,1
431,"Tyrosine-protein kinase ABL1 [201-500,Q252H]",2,1
432,"Tyrosine-protein kinase ABL1 [201-500,Y253F]",2,1
433,"Tyrosine-protein kinase ABL1 [201-500,E255K]",2,1
434,"Tyrosine-protein kinase ABL1 [201-500,M351T]",2,1
435,"Tyrosine-protein kinase ABL1 [201-500,F359V]",2,1
436,"Tyrosine-protein kinase ABL1 [201-500,H396P]",2,1
437,"Tyrosine-protein kinase ABL1 [201-500,T315I]",2,1
438,"Tyrosine-protein kinase ABL1 [201-500,T315N]",2,1
439,Mast/stem cell growth factor receptor Kit [N822K],2,1
440,Mast/stem cell growth factor receptor Kit [V559D],2,1
441,"Mast/stem cell growth factor receptor Kit [V559D,T670I]",2,1
442,cAMP-dependent protein kinase catalytic subunit alpha [L49I],2,1
443,cAMP-dependent protein kinase catalytic subunit alpha [V123M],2,1
444,cAMP-dependent protein kinase catalytic subunit alpha [T183A],2,1
445,cAMP-dependent protein kinase catalytic subunit alpha [E127D],2,1
446,"cAMP-dependent protein kinase catalytic subunit alpha [Q181K,T183A]",2,1
447,"cAMP-dependent protein kinase catalytic subunit alpha [V123M,T183A]",2,1
448,"cAMP-dependent protein kinase catalytic subunit alpha [L49I,Q181K,T183A]",2,1
449,"cAMP-dependent protein kinase catalytic subunit alpha [V123M,Q181K,T183A]",2,1
450,"cAMP-dependent protein kinase catalytic subunit alpha [L49I,V123M,Q181K,T183A]",2,1
451,"cAMP-dependent protein kinase catalytic subunit alpha [L49I,V123M,E127D,Q181K,T183A]",2,1
452,Rho-associated protein kinase 2,2,1
453,Rho-associated protein kinase 1,2,1
454,Mitogen-activated protein kinase kinase kinase 9,2,1
455,Mitogen-activated protein kinase kinase kinase 11,2,1
456,Mitogen-activated protein kinase kinase kinase 10,2,1
457,"cAMP-specific 3',5'-cyclic phosphodiesterase 4A",2,1
458,"cAMP-specific 3',5'-cyclic phosphodiesterase 4B",2,1
459,"cAMP-specific 3',5'-cyclic phosphodiesterase 4D",2,1
460,"Dual specificity calcium/calmodulin-dependent 3',5'-cyclic nucleotide phosphodiesterase 1B",2,1
461,"cGMP-dependent 3',5'-cyclic phosphodiesterase [574-941]",2,1
462,"cGMP-inhibited 3',5'-cyclic phosphodiesterase 3B [650-1084]",2,1
463,"cAMP-specific 3',5'-cyclic phosphodiesterase 4B [316-320,321-700,S319G,N320S,N321H,T322M]",2,1
464,"cAMP-specific 3',5'-cyclic phosphodiesterase 4D [372-376,381-715,S375G,I381V,S383G,G384S,V385H,K386M)",2,1
465,"cGMP-specific 3',5'-cyclic phosphodiesterase [531-875]",2,1
466,"cAMP-specific 3',5'-cyclic phosphodiesterase 7B [91-450]",2,1
467,"High affinity cAMP-specific and IBMX-insensitive 3',5'-cyclic phosphodiesterase 8A",2,1
468,"High affinity cGMP-specific 3',5'-cyclic phosphodiesterase 9A [226-593]",2,1
469,"cAMP and cAMP-inhibited cGMP 3',5'-cyclic phosphodiesterase 10A [432-779]",2,1
470,"Isoform 4 of Dual 3',5'-cyclic-AMP and -GMP phosphodiesterase 11A (PDE11A1) 35-489]",2,1
471,Mitogen-activated protein kinase 14,2,1
472,"RAC-alpha serine/threonine-protein kinase [139-480,S378A,S381A,T450D,S473D]",2,1
473,RAC-beta serine/threonine-protein kinase,2,1
474,RAC-gamma serine/threonine-protein kinase,2,1
475,Protein kinase C gamma type,2,1
476,Protein kinase C zeta type,2,1
477,"Phosphatidylinositol 4,5-bisphosphate 3-kinase catalytic subunit gamma isoform",2,1
478,Mitogen-activated protein kinase 14 [G110A],2,1
479,Mitogen-activated protein kinase 14 [G110D],2,1
480,"cGMP-inhibited 3',5'-cyclic phosphodiesterase 3B [387-1112]",2,1
481,"cGMP-inhibited 3',5'-cyclic phosphodiesterase 3A [388-1112]",2,1
482,Heat shock protein HSP 90-beta,2,1
483,ATP-dependent molecular chaperone HSP82,2,1
484,RAF proto-oncogene serine/threonine-protein kinase [305-648],2,1
485,Serine/threonine-protein kinase B-raf [409-765],2,1
486,"Serine/threonine-protein kinase B-raf [410-766,V600E]",2,1
487,Vascular endothelial growth factor receptor 3,2,1
488,Aromatase,2,1
489,Mast/stem cell growth factor receptor Kit,2,1
490,3-phosphoinositide-dependent protein kinase 1 [51-359],2,1
491,"3-phosphoinositide-dependent protein kinase 1 [51-359,V143T]",2,1
492,"3-phosphoinositide-dependent protein kinase 1 [51-359,L159M]",2,1
493,"3-phosphoinositide-dependent protein kinase 1 [51-359,A162V]",2,1
494,"3-phosphoinositide-dependent protein kinase 1 [51-359,E166D]",2,1
495,"3-phosphoinositide-dependent protein kinase 1 [51-359,T222A]",2,1
496,"3-phosphoinositide-dependent protein kinase 1 [51-359,V143T,T222A]",2,1
497,Serine/threonine-protein kinase Chk1,2,1
498,Cyclin-A2/Cyclin-dependent kinase 1,2,1
499,Aldo-keto reductase family 1 member C3,2,1
500,Macrophage colony-stimulating factor 1 receptor [538-972],2,1
501,"Macrophage colony-stimulating factor 1 receptor [538-678,753-922]",2,1
502,Dihydrofolate reductase,2,1
503,Lysosomal acid glucosylceramidase,2,1
504,Protein-lysine 6-oxidase,2,1
505,Bifunctional dihydrofolate reductase-thymidylate synthase,2,1
506,Thymidylate synthase,2,1
507,Histone deacetylase 6,2,1
508,Histone deacetylase 1,2,1
509,Histone deacetylase 4,2,1
510,Histone deacetylase 2,2,1
511,Histone deacetylase 3,2,1
512,Histone deacetylase 8,2,1
513,Estrogen receptor,2,1
514,Estrogen receptor beta,2,1
515,Heat shock protein HSP 90-alpha,2,1
516,DNA topoisomerase 4 subunit A [V210L]/B,2,1
517,DNA gyrase subunit A/B,2,1
518,Prostaglandin G/H synthase 1,2,1
519,Prostaglandin G/H synthase 2,2,1
520,Lipoxygenase,2,1
521,DNA ligase A,2,1
522,DNA ligase,2,1
523,Alpha-amylase 1A,2,1
524,Alpha-glucosidase MAL32,2,1
525,Oxysterols receptor LXR-alpha,2,1
526,Oxysterols receptor LXR-beta,2,1
527,Aryl hydrocarbon receptor,2,1
528,Polyamine deacetylase HDAC10,2,1
529,Hepatocyte growth factor receptor,2,1
530,DNA topoisomerase 4 subunit A/B,2,1
531,Histone deacetylase 11,2,1
532,Histone deacetylase 5,2,1
533,Histone deacetylase 7,2,1
534,Aurora kinase A,2,1
535,Proto-oncogene tyrosine-protein kinase receptor Ret,2,1
536,RAC-alpha serine/threonine-protein kinase,2,1
537,"Phosphatidylinositol 3-kinase regulatory subunit alpha/4,5-bisphosphate 3-kinase catalytic subunit delta isoform",2,1
538,Phosphatidylinositol 4-phosphate 3-kinase C2 domain-containing subunit beta,2,1
539,Phosphatidylinositol 3-kinase catalytic subunit type 3,2,1
540,Serine/threonine-protein kinase mTOR,2,1
541,"Phosphatidylinositol 4,5-bisphosphate 3-kinase catalytic subunit alpha isoform",2,1
542,"Phosphatidylinositol 4,5-bisphosphate 3-kinase catalytic subunit beta isoform",2,1
543,"Phosphatidylinositol 4,5-bisphosphate 3-kinase catalytic subunit gamma isoform/Phosphoinositide 3-kinase regulatory subunit 5",2,1
544,Serine/threonine-protein kinase PLK1,2,1
545,Serine/threonine-protein kinase PLK2,2,1
546,Serine/threonine-protein kinase PLK3,2,1
547,Serine/threonine-protein kinase PLK4,2,1
548,"Histone deacetylase 4 [653-1084,H976Y]",2,1
549,Geranylgeranyl pyrophosphate synthase,2,1
550,Serine/threonine-protein kinase B-raf,2,1
551,Serine/threonine-protein kinase B-raf [V600E],2,1
552,Protein-tyrosine kinase 6,2,1
553,Tyrosine-protein kinase FRK,2,1
554,Tyrosine-protein kinase CSK,2,1
555,Focal adhesion kinase 1,2,1
556,Mitogen-activated protein kinase kinase kinase kinase 4,2,1
557,Macrophage colony-stimulating factor 1 receptor,2,1
558,RAF proto-oncogene serine/threonine-protein kinase,2,1
559,"Epidermal growth factor receptor [696-1022,G719S]",2,1
560,"Epidermal growth factor receptor [696-1022,L858R]",2,1
561,"Epidermal growth factor receptor [696-1022,T790M]",2,1
562,"Epidermal growth factor receptor [696-1022,T790M,L858R]",2,1
563,Lysine-specific demethylase 4E,2,1
564,Carbonic anhydrase 1,2,1
565,Carbonic anhydrase 2,2,1
566,Carbonic anhydrase 3,2,1
567,Carbonic anhydrase 4,2,1
568,"Carbonic anhydrase 5A, mitochondrial",2,1
569,Carbonic anhydrase 6,2,1
570,Carbonic anhydrase 7,2,1
571,Carbonic anhydrase 9,2,1
572,Carbonic anhydrase 12,2,1
573,Carbonic anhydrase 13,2,1
574,Carbonic anhydrase 14,2,1
575,"Carbonic anhydrase 5B, mitochondrial",2,1
576,Tyrosine-protein kinase JAK3,2,1
577,Tyrosine-protein kinase ITK/TSK,2,1
578,Receptor tyrosine-protein kinase erbB-4,2,1
579,Peroxisome proliferator-activated receptor gamma,2,1
580,Ribosyldihydronicotinamide dehydrogenase [quinone],2,1
581,5-hydroxytryptamine receptor 4,2,1
582,Histone deacetylase,2,1
583,Estrogen-related receptor gamma,2,1
584,Tyrosine-protein kinase ABL1 [T315I],2,1
585,ALK tyrosine kinase receptor,2,1
586,Aurora kinase B,2,1
587,Aurora kinase C,2,1
588,Tyrosine-protein kinase receptor UFO,2,1
589,Bone morphogenetic protein receptor type-2,2,1
590,Cyclin-dependent kinase 11B,2,1
591,Cyclin-dependent kinase 11A,2,1
592,Cyclin-dependent kinase 19,2,1
593,Heat shock 70 kDa protein 1A,2,1
594,Cyclin-dependent kinase 7,2,1
595,Cyclin-dependent kinase 8,2,1
596,Cyclin-dependent kinase 9,2,1
597,Dual specificity protein kinase CLK1 [R432A],2,1
598,Dual specificity protein kinase CLK4,2,1
599,"Proto-oncogene tyrosine-protein kinase Src [251-533,T338M]",2,1
600,Epidermal growth factor receptor [668-1210],2,1
601,"Epidermal growth factor receptor [696-1210,T790M]",2,1
602,"Proto-oncogene tyrosine-protein kinase Src [251-533,S345C]",2,1
603,"Proto-oncogene tyrosine-protein kinase Src [251-533,T338M,S345C]",2,1
604,Epithelial discoidin domain-containing receptor 1,2,1
605,Discoidin domain-containing receptor 2 [A642S],2,1
606,Epidermal growth factor receptor [G719C],2,1
607,Ephrin type-A receptor 3 [1-975],2,1
608,Ephrin type-A receptor 7,2,1
609,Ephrin type-B receptor 3,2,1
610,Ephrin type-B receptor 4,2,1
611,Mitogen-activated protein kinase 15,2,1
612,Peroxisome proliferator-activated receptor alpha,2,1
613,Receptor-type tyrosine-protein kinase FLT3 [K633Q],2,1
614,Receptor-type tyrosine-protein kinase FLT3 [D835H],2,1
615,Receptor-type tyrosine-protein kinase FLT3 [D835Y],2,1
616,Protein kinase C delta type,2,1
617,Protein kinase C epsilon type,2,1
618,Protein kinase C eta type,2,1
619,Protein kinase C theta type,2,1
620,"Serine/threonine-protein kinase Chk2 [209-531,Q209M]",2,1
621,Gag-Pol polyprotein,2,1
622,Mannose-6-phosphate isomerase,2,1
623,Receptor-type tyrosine-protein kinase FLT3 [N841I],2,1
624,P2Y purinoceptor 14,2,1
625,Mitogen-activated protein kinase 9,2,1
626,Calcium-dependent protein kinase 1,2,1
627,Kinesin-like protein KIF11,2,1
628,Kinesin-like protein KIF11 [D130V],2,1
629,Receptor protein serine/threonine kinase,2,1
630,Activin receptor type-1,2,1
631,TGF-beta receptor type-1,2,1
632,5'-AMP-activated protein kinase subunit beta-1/5'-AMP-activated protein kinase subunit gamma-1/Dual specificity protein kinase CLK2,2,1
633,Beta-mannosidase,2,1
634,"Phosphatidylinositol 4,5-bisphosphate 3-kinase catalytic subunit alpha/delta isoform",2,1
635,"DNA-dependent protein kinase catalytic subunit/Phosphatidylinositol 4,5-bisphosphate 3-kinase catalytic subunit alpha isoform",2,1
636,"Phosphatidylinositol 4,5-bisphosphate 3-kinase catalytic subunit alpha isoform/Tyrosine-protein kinase HCK",2,1
637,"Ephrin type-B receptor 4/Phosphatidylinositol 4,5-bisphosphate 3-kinase catalytic subunit alpha isoform",2,1
638,cAMP-dependent protein kinase,2,1
639,Retinoic acid receptor RXR-alpha,2,1
640,Dimer of Retinoic acid receptor RXR-alpha,2,1
641,Mitogen-activated protein kinase kinase kinase kinase 1,2,1
642,Mitogen-activated protein kinase kinase kinase kinase 3,2,1
643,Mitogen-activated protein kinase kinase kinase kinase 5,2,1
644,Tyrosine-protein kinase Mer,2,1
645,MAP kinase-interacting serine/threonine-protein kinase 1,2,1
646,MAP kinase-interacting serine/threonine-protein kinase 2,2,1
647,Serine/threonine-protein kinase 4,2,1
648,Serine/threonine-protein kinase 3,2,1
649,"Muscle, skeletal receptor tyrosine-protein kinase",2,1
650,Platelet-derived growth factor receptor alpha,2,1
651,"Proto-oncogene tyrosine-protein kinase receptor Ret [1-999,M918T]",2,1
652,Receptor-interacting serine/threonine-protein kinase 1,2,1
653,Ribosomal protein S6 kinase alpha-4,2,1
654,Ribosomal protein S6 kinase alpha-5,2,1
655,STE20-like serine/threonine-protein kinase,2,1
656,Serine/threonine-protein kinase 33,2,1
657,Tyrosine-protein kinase receptor Tie-1,2,1
658,Tyrosine-protein kinase Fyn,2,1
659,Tyrosine-protein kinase JAK2,2,1
660,Angiopoietin-1 receptor,2,1
661,High affinity nerve growth factor receptor,2,1
662,BDNF/NT-3 growth factors receptor,2,1
663,NT-3 growth factor receptor,2,1
664,Tyrosine-protein kinase Blk,2,1
665,Citron Rho-interacting kinase,2,1
666,Fibroblast growth factor receptor 4,2,1
667,Tyrosine-protein kinase Fgr,2,1
668,eIF-2-alpha kinase GCN2,2,1
669,Tyrosine-protein kinase Lyn,2,1
670,Serine/threonine-protein kinase TNNI3K,2,1
671,Mitogen-activated protein kinase kinase kinase 20,2,1
672,"Tyrosine-protein kinase ABL1 [1-999,Q252H]",2,1
673,Tyrosine-protein kinase ABL2,2,1
674,5'-AMP-activated protein kinase catalytic subunit alpha-1,2,1
675,Ankyrin repeat and protein kinase domain-containing protein 1,2,1
676,Calcium/calmodulin-dependent protein kinase type 1,2,1
677,Calcium/calmodulin-dependent protein kinase type IV,2,1
678,Calcium/calmodulin-dependent protein kinase kinase 1,2,1
679,Calcium/calmodulin-dependent protein kinase kinase 2,2,1
680,Cyclin-dependent kinase 2,2,1
681,Cyclin-dependent kinase 3,2,1
682,Cyclin-dependent kinase 5,2,1
683,Dual specificity protein kinase CLK2,2,1
684,Casein kinase I isoform epsilon,2,1
685,Casein kinase I isoform gamma-2,2,1
686,Casein kinase I isoform gamma-3,2,1
687,Death-associated protein kinase 3,2,1
688,Mitogen-activated protein kinase kinase kinase 12,2,1
689,"Epidermal growth factor receptor [1-999,L858R]",2,1
690,Ephrin type-A receptor 2,2,1
691,Ephrin type-A receptor 4,2,1
692,Ephrin type-A receptor 5,2,1
693,Ephrin type-A receptor 8,2,1
694,Ephrin type-B receptor 1,2,1
695,Ephrin type-B receptor 2,2,1
696,Tyrosine-protein kinase Fer,2,1
697,Tyrosine-protein kinase Fes/Fps,2,1
698,Fibroblast growth factor receptor 2,2,1
699,Cyclin-G-associated kinase,2,1
700,Tyrosine-protein kinase HCK,2,1
701,Mitogen-activated protein kinase 8,2,1
702,Mitogen-activated protein kinase 10,2,1
703,Serine/threonine-protein kinase LATS1,2,1
704,Maternal embryonic leucine zipper kinase,2,1
705,"Myosin light chain kinase 2, skeletal/cardiac muscle",2,1
706,Myosin-IIIb,2,1
707,Serine/threonine-protein kinase Nek5,2,1
708,Serine/threonine-protein kinase NLK,2,1
709,Cyclin-dependent kinase 16,2,1
710,Cyclin-dependent kinase 17,2,1
711,Cyclin-dependent kinase 18 [3-474],2,1
712,Cyclin-dependent kinase 14,2,1
713,cAMP-dependent protein kinase catalytic subunit beta,2,1
714,Serine/threonine-protein kinase D1,2,1
715,Serine/threonine-protein kinase D2,2,1
716,Serine/threonine-protein kinase D3,2,1
717,"Interferon-induced, double-stranded RNA-activated protein kinase",2,1
718,Protein-tyrosine kinase 2-beta,2,1
719,Receptor-interacting serine/threonine-protein kinase 2,2,1
720,Proto-oncogene tyrosine-protein kinase ROS,2,1
721,Isoform 3 of Ribosomal protein S6 kinase alpha-2 (3),2,1
722,Ribosomal protein S6 kinase alpha-6,2,1
723,Serine/threonine-protein kinase SIK1,2,1
724,Tyrosine-protein kinase Srms,2,1
725,Serine/threonine-protein kinase 36,2,1
726,Tyrosine-protein kinase SYK,2,1
727,Dual specificity testis-specific protein kinase 1,2,1
728,TGF-beta receptor type-2,2,1
729,TRAF2 and NCK-interacting protein kinase,2,1
730,Non-receptor tyrosine-protein kinase TNK1,2,1
731,Dual specificity protein kinase TTK,2,1
732,Non-receptor tyrosine-protein kinase TYK2,2,1
733,Tyrosine-protein kinase Yes,2,1
734,Serine/threonine-protein kinase 25,2,1
735,5-hydroxytryptamine receptor 2A,2,1
736,Mitogen-activated protein kinase 11,2,1
737,Mitogen-activated protein kinase 12,2,1
738,Dual specificity mitogen-activated protein kinase kinase 2,2,1
739,Serine/threonine-protein kinase MRCK gamma,2,1
740,Ephrin type-A receptor 1,2,1
741,Serine/threonine-protein kinase MRCK alpha,2,1
742,Serine/threonine-protein kinase MRCK beta,2,1
743,Serine/threonine-protein kinase DCLK1,2,1
744,Serine/threonine-protein kinase DCLK2,2,1
745,Serine/threonine-protein kinase DCLK3,2,1
746,Serine/threonine-protein kinase 17A,2,1
747,Dual specificity tyrosine-phosphorylation-regulated kinase 1B,2,1
748,Mitogen-activated protein kinase 6,2,1
749,Mitogen-activated protein kinase 4,2,1
750,Mitogen-activated protein kinase 7,2,1
751,Glycogen synthase kinase-3 alpha,2,1
752,Interleukin-1 receptor-associated kinase 3,2,1
753,Myosin light chain kinase 3,2,1
754,Serine/threonine-protein kinase PAK 3,2,1
755,"Phosphorylase b kinase gamma catalytic chain, skeletal muscle/heart isoform",2,1
756,NUAK family SNF1-like kinase 2,2,1
757,AP2-associated protein kinase 1,2,1
758,5'-AMP-activated protein kinase catalytic subunit alpha-2,2,1
759,NUAK family SNF1-like kinase 1,2,1
760,BMP-2-inducible protein kinase,2,1
761,Casein kinase II subunit alpha',2,1
762,Serine/threonine-protein kinase 17B,2,1
763,Fibroblast growth factor receptor 3,2,1
764,Inhibitor of nuclear factor kappa-B kinase subunit epsilon,2,1
765,Tyrosine-protein kinase JAK1,2,1
766,Serine/threonine-protein kinase STK11,2,1
767,Mitogen-activated protein kinase kinase kinase 4,2,1
768,Serine/threonine-protein kinase MARK1,2,1
769,Serine/threonine-protein kinase MARK2,2,1
770,MAP/microtubule affinity-regulating kinase 3,2,1
771,MAP/microtubule affinity-regulating kinase 4,2,1
772,Dual specificity mitogen-activated protein kinase kinase 1,2,1
773,Serine/threonine-protein kinase 24,2,1
774,Serine/threonine-protein kinase 26,2,1
775,Serine/threonine-protein kinase Nek2,2,1
776,Serine/threonine-protein kinase Nek6,2,1
777,Serine/threonine-protein kinase Nek7,2,1
778,Serine/threonine-protein kinase Nek9,2,1
779,"Phosphorylase b kinase gamma catalytic chain, liver/testis isoform",2,1
780,Phosphatidylinositol 4-phosphate 5-kinase type-1 alpha,2,1
781,Phosphatidylinositol 5-phosphate 4-kinase type-2 beta,2,1
782,Serine/threonine-protein kinase N1,2,1
783,Serine/threonine-protein kinase N2,2,1
784,Serine/threonine-protein kinase RIO1,2,1
785,Serine/threonine-protein kinase RIO3,2,1
786,Ribosomal protein S6 kinase alpha-1,2,1
787,Ribosomal protein S6 kinase alpha-2,2,1
788,Ribosomal protein S6 kinase alpha-3,2,1
789,Serine/threonine-protein kinase SIK2,2,1
790,SRSF protein kinase 1,2,1
791,SRSF protein kinase 2,2,1
792,Myosin light chain kinase family member 4,2,1
793,Serine/threonine-protein kinase tousled-like 2,2,1
794,Tyrosine-protein kinase receptor TYRO3,2,1
795,Wee1-like protein kinase,2,1
796,"Atypical kinase COQ8A, mitochondrial",2,1
797,"Atypical kinase COQ8B, mitochondrial",2,1
798,Cytoplasmic tyrosine-protein kinase BMX,2,1
799,Tyrosine-protein kinase BTK,2,1
800,Tyrosine-protein kinase Tec,2,1
801,Tyrosine-protein kinase TXK,2,1
802,Activin receptor type-1B,2,1
803,Activin receptor type-2A,2,1
804,Activin receptor type-2B,2,1
805,Serine/threonine-protein kinase receptor R3,2,1
806,Myotonin-protein kinase,2,1
807,LIM domain kinase 1,2,1
808,Membrane-associated tyrosine- and threonine-specific cdc2-inhibitory kinase,2,1
809,Activated CDC42 kinase 1,2,1
810,Calcium/calmodulin-dependent protein kinase type 1D,2,1
811,Casein kinase I isoform alpha-like,2,1
812,Serine/threonine-protein kinase pim-2,2,1
813,Serine/threonine-protein kinase pim-3,2,1
814,Calcium/calmodulin-dependent protein kinase type 1G,2,1
815,Dual specificity mitogen-activated protein kinase kinase 4,2,1
816,Dual specificity mitogen-activated protein kinase kinase 6,2,1
817,Serine/threonine-protein kinase 16,2,1
818,Serine/threonine-protein kinase BRSK1,2,1
819,Serine/threonine-protein kinase BRSK2,2,1
820,Casein kinase I isoform gamma-1,2,1
821,Serine/threonine-protein kinase PAK 4,2,1
822,Serine/threonine-protein kinase PAK 6,2,1
823,Serine/threonine-protein kinase PAK 5,2,1
824,3-phosphoinositide-dependent protein kinase 1,2,1
825,Serine/threonine-protein kinase tousled-like 1,2,1
826,Calcium/calmodulin-dependent protein kinase type II subunit delta,2,1
827,Calcium/calmodulin-dependent protein kinase type II subunit gamma,2,1
828,Death-associated protein kinase 1,2,1
829,Death-associated protein kinase 2,2,1
830,Calcium/calmodulin-dependent protein kinase type II subunit beta,2,1
831,Testis-specific serine/threonine-protein kinase 1,2,1
832,Serine/threonine-protein kinase 38-like,2,1
833,Isoform 2 of Nuclear receptor ROR-alpha (Alpha-2),2,1
834,Steroidogenic factor 1,2,1
835,Genome polyprotein,2,1
836,14-3-3 protein gamma,2,1
837,Mothers against decapentaplegic homolog 3,2,1
838,Collagenase 3,2,1
839,DNA-directed RNA polymerase subunit beta,2,1
840,Cathepsin S,2,1
841,Acetyl-CoA acetyltransferase/HMG-CoA reductase,2,1
842,Procathepsin L,2,1
843,Eukaryotic translation initiation factor 4 gamma 1,2,1
844,Transcription factor p65,2,1
845,Induced myeloid leukemia cell differentiation protein Mcl-1,2,1
846,"dTDP-4-dehydrorhamnose 3,5-epimerase",2,1
847,Dual specificity protein phosphatase 3,2,1
848,Mitogen-activated protein kinase kinase kinase kinase 2,2,1
849,Zinc finger protein mex-5,2,1
850,POsterior Segregation,2,1
851,Dual specificity protein phosphatase 6,2,1
852,Heat shock cognate 71 kDa protein,2,1
853,Cell division control protein 42 homolog,2,1
854,Ras-related protein Rab-7a,2,1
855,GTPase KRas [1-37],2,1
856,Ras-related C3 botulinum toxin substrate 1,2,1
857,Ras-related protein Rab-2A,2,1
858,2'-phosphotransferase,2,1
859,Guanyl-specific ribonuclease T1,2,1
860,M18 aspartyl aminopeptidase,2,1
861,DNA repair protein RAD51 homolog 1,2,1
862,Streptokinase A,2,1
863,Large T antigen,2,1
864,M17 leucyl aminopeptidase,2,1
865,Heat shock factor protein 1,2,1
866,60S ribosomal protein L19-A,2,1
867,Vacuolar aminopeptidase 1,2,1
868,Bcl-2-like protein 11,2,1
869,NADPH oxidase 1,2,1
870,Cytochrome P450 1B1,2,1
871,Protein LANA1,2,1
872,Importin subunit alpha-1,2,1
873,Oxytocin receptor,2,1
874,Vasopressin V1a receptor,2,1
875,Intestinal-type alkaline phosphatase 1,2,1
876,Intestinal-type alkaline phosphatase,2,1
877,"Alkaline phosphatase, germ cell type",2,1
878,Caspase-3,2,1
879,Sentrin-specific protease 8,2,1
880,"Alkaline phosphatase, tissue-nonspecific isozyme",2,1
881,Sentrin-specific protease 6,2,1
882,Mitochondrial import inner membrane translocase subunit TIM10,2,1
883,Ubiquitin-conjugating enzyme E2 N,2,1
884,Perilipin-1,2,1
885,Perilipin-5,2,1
886,Mitochondrial import inner membrane translocase subunit TIM23,2,1
887,Neurotensin receptor type 1,2,1
888,Bcl-2-related protein A1,2,1
889,Beta-galactosidase,2,1
890,C-C chemokine receptor type 6,2,1
891,Hexokinase HKDC1 [W721R],2,1
892,Putative farnesyl pyrophosphate synthase,2,1
893,"Phosphatidylinositol 4,5-bisphosphate 3-kinase catalytic subunit delta isoform",2,1
894,Cyclin-dependent kinase 1,2,1
895,Cyclin-dependent kinase 4,2,1
896,Beta-2 adrenergic receptor,2,1
897,Alpha-1A adrenergic receptor,2,1
898,Histamine H1 receptor,2,1
899,D(1A) dopamine receptor,2,1
900,D(2) dopamine receptor,2,1
901,5-hydroxytryptamine receptor 1B,2,1
902,Efflux pump membrane transporter,2,1
903,Muscarinic acetylcholine receptor M1,2,1
904,Muscarinic acetylcholine receptor M2,2,1
905,Muscarinic acetylcholine receptor M3,2,1
906,Muscarinic acetylcholine receptor M4,2,1
907,Muscarinic acetylcholine receptor M5,2,1
908,5-hydroxytryptamine receptor 2C,2,1
909,5-hydroxytryptamine receptor 5A,2,1
910,5-hydroxytryptamine receptor 1E,2,1
911,5-hydroxytryptamine receptor 1D,2,1
912,5-hydroxytryptamine 1D receptor,2,1
913,Alpha-2A adrenergic receptor,2,1
914,Alpha-2B adrenergic receptor,2,1
915,Alpha-2C adrenergic receptor,2,1
916,D(1B) dopamine receptor,2,1
917,Dopamine receptor D4,2,1
918,D(4) dopamine receptor,2,1
919,Gamma-aminobutyric acid type B receptor subunit 1,2,1
920,D(3) dopamine receptor,2,1
921,Sodium-dependent dopamine transporter,2,1
922,Norepinephrine transporter,2,1
923,Gamma-aminobutyric acid receptor subunit alpha-1,2,1
924,Gamma-aminobutyric acid receptor subunit alpha-2,2,1
925,Gamma-aminobutyric acid receptor subunit alpha-3,2,1
926,5-hydroxytryptamine receptor 2B,2,1
927,5-hydroxytryptamine receptor 1A,2,1
928,5-hydroxytryptamine receptor 1A/1B/1D/2C,2,1
929,Adenosine receptor A1,2,1
930,Adenosine receptor A2a,2,1
931,Voltage-dependent L-type calcium channel subunit alpha-1C,2,1
932,Sigma non-opioid intracellular receptor 1,2,1
933,5-hydroxytryptamine receptor 7,2,1
934,Melatonin receptor type 1B,2,1
935,5-hydroxytryptamine receptor 6,2,1
936,5-hydroxytryptamine receptor 5B,2,1
937,Cholecystokinin,2,1
938,Melatonin receptor type 1A,2,1
939,5-hydroxytryptamine receptor 1F,2,1
940,5-hydroxytryptamine receptor 3A,2,1
941,Transmembrane and immunoglobulin domain-containing 3,2,1
942,Carboxy-terminal domain RNA polymerase II polypeptide A small phosphatase 1,2,1
943,Toll-like receptor 9,2,1
944,Beta-lactamase,2,1
945,Endoribonuclease toxin MazF,2,1
946,Apoptotic protease-activating factor 1,2,1
947,Caspase-9,2,1
948,Gamma-aminobutyric acid receptor subunit alpha-6,2,1
949,Alpha-glucosidase MAL12,2,1
950,Alpha-1B adrenergic receptor,2,1
951,17-beta-hydroxysteroid dehydrogenase type 3,2,1
952,Prostaglandin E2 receptor EP2 subtype,2,1
953,Prostaglandin E2 receptor EP3 subtype,2,1
954,Solute carrier organic anion transporter family member 1B1,2,1
955,Gamma-aminobutyric acid receptor subunit alpha-5,2,1
956,Linoleate 9S-lipoxygenase-4,2,1
957,Oxoeicosanoid receptor 1,2,1
958,Sodium-dependent serotonin transporter,2,1
959,Beta-1 adrenergic receptor,2,1
960,"Glutamate receptor ionotropic, NMDA 1",2,1
961,Sodium-dependent noradrenaline transporter,2,1
962,Delta-type opioid receptor,2,1
963,Kappa-type opioid receptor,2,1
964,Mu-type opioid receptor,2,1
965,Vasopressin V1b receptor,2,1
966,Vasopressin V2 receptor,2,1
967,Potassium voltage-gated channel subfamily H member 2,2,1
968,Ninein,2,1
969,Calcium-activated potassium channel subunit beta,2,1
970,Ret proto-oncogene,2,1
971,Macrophage-stimulating protein receptor,2,1
972,Nuclear receptor coactivator 3,2,1
973,Tegument protein VP16,2,1
974,Nuclear receptor coactivator 1,2,1
975,Histone-lysine N-methyltransferase EZH2,2,1
976,Zinc finger protein GLI1,2,1
977,Corticotropin-releasing factor-binding protein,2,1
978,Prostaglandin G/H synthase 1 [582-599],2,1
979,Serum paraoxonase/arylesterase 1,2,1
980,Phosphodiesterase,2,1
981,"cGMP-inhibited 3',5'-cyclic phosphodiesterase 3A",2,1
982,Putative glycogen synthase kinase 3 alpha,2,1
983,"Alpha-(1,3)-fucosyltransferase 7",2,1
984,4-galactosyl-N-acetylglucosaminide 3-alpha-L-fucosyltransferase FUT6,2,1
985,"CMP-N-acetylneuraminate-beta-galactosamide-alpha-2,3-sialyltransferase 1",2,1
986,Disintegrin and metalloproteinase domain-containing protein 17,2,1
987,72 kDa type IV collagenase,2,1
988,Matrilysin,2,1
989,Trehalose synthase/amylase TreS,2,1
990,Acid phosphatase,2,1
991,Plasminogen activator inhibitor 1,2,1
992,"Tyrosine-protein kinase ABL1 [1-999,E255K]",2,1
993,Prolyl 4-hydroxylase subunit alpha-1,2,1
994,DNA gyrase subunit A,2,1
995,Protein Wnt-3a,2,1
996,Endothelial PAS domain-containing protein 1,2,1
997,Probable nicotinate-nucleotide adenylyltransferase,2,1
998,Hepatocyte nuclear factor 4-alpha,2,1
999,Nuclear receptor subfamily 0 group B member 1,2,1
1000,Kallikrein-7,2,1
1001,Histone-lysine N-methyltransferase EZH2 [Y641F],2,1
1002,Discoidin domain-containing receptor 2,2,1
1003,Polyunsaturated fatty acid lipoxygenase ALOX12,2,1
1004,Polyunsaturated fatty acid lipoxygenase ALOX15,2,1
1005,Xanthine dehydrogenase/oxidase,2,1
1006,Receptor protein-tyrosine kinase,2,1
1007,Aldo-keto reductase family 1 member B1,2,1
1008,Breakpoint cluster region protein [1-693],2,1
1009,Phospholipase A2,2,1
1010,Prostaglandin E synthase,2,1
1011,Isoform 2 of Hepatocyte growth factor receptor (2),2,1
1012,DNA primase,2,1
1013,Mast/stem cell growth factor receptor Kit [1-973],2,1
1014,Platelet-derived growth factor receptor alpha [1-973],2,1
1015,Epidermal growth factor receptor [1-973],2,1
1016,Transthyretin,2,1
1017,Tyrosine-protein kinase receptor,2,1
1018,Amine oxidase [flavin-containing] A,2,1
1019,Amine oxidase [flavin-containing] B,2,1
1020,1-deoxy-D-xylulose 5-phosphate reductoisomerase,2,1
1021,"Acetyltransferase, GNAT family",2,1
1022,Putative heat shock protein HSP 90-alpha A4,2,1
1023,"Fatty acid-binding protein, intestinal",2,1
1024,"RAC-alpha serine/threonine-protein kinase [E49C,C296S,C310S,C344S]",2,1
1025,Serine/threonine-protein kinase TBK1,2,1
1026,Insulin-like growth factor 1 receptor,2,1
1027,Bifunctional epoxide hydrolase 2,2,1
1028,"cGMP-inhibited 3',5'-cyclic phosphodiesterase 3A/3B",2,1
1029,DNA gyrase subunit B,2,1
1030,Caspase-1,2,1
1031,Fibroblast growth factor 2,2,1
1032,Cytochrome P450 2C8,2,1
1033,ALK tyrosine kinase receptor [L1196M],2,1
1034,Prostaglandin G/H synthase 2 [E165G],2,1
1035,Tyrosinase,2,1
1036,Aldehyde oxidase 1,2,1
1037,Histone deacetylase 9,2,1
1038,ALK tyrosine kinase receptor [C1156Y],2,1
1039,Cytochrome P450 3A4,2,1
1040,"Ferrochelatase, mitochondrial [R115L]",2,1
1041,Proto-oncogene tyrosine-protein kinase Src [251-533],2,1
1042,Tyrosine-protein kinase ABL1 [229-512],2,1
1043,Histone-lysine N-methyltransferase EZH2 [Y641H],2,1
1044,Histone-lysine N-methyltransferase EZH2 [Y641S],2,1
1045,Histone-lysine N-methyltransferase EZH2 [Y641N],2,1
1046,Histone-lysine N-methyltransferase EZH2 [A677G],2,1
1047,Histone-lysine N-methyltransferase EZH2 [A687V],2,1
1048,Lysosomal alpha-glucosidase,2,1
1049,Mitogen-activated protein kinase 13,2,1
1050,IspB protein,2,1
1051,Farnesyl pyrophosphate synthase,2,1
1052,"Geranylgeranyl pyrophosphate synthase BTS1 [Y107A,F108A]",2,1
1053,Geranylgeranyl pyrophosphate synthase BTS1,2,1
1054,Serine/threonine-protein kinase/endoribonuclease IRE1 [547-977],2,1
1055,Aldo-keto reductase family 1 member B1 [K65Q],2,1
1056,Histone deacetylase 6 [440-798],2,1
1057,Aminopeptidase N,2,1
1058,"Aldo-keto reductase family 1 member B10 [K125R,V301L]",2,1
1059,Cystic fibrosis transmembrane conductance regulator,2,1
1060,Tyrosine-protein kinase JAK3 [781-1124],2,1
1061,Alpha-enolase,2,1
1062,Gamma-enolase,2,1
1063,"Prostaglandin G/H synthase 2 [18-504,V335L]",2,1
1064,"Prostaglandin G/H synthase 2 [18-604,V509I]",2,1
1065,"Prostaglandin G/H synthase 2 [18-604,S516A]",2,1
1066,"Prostaglandin G/H synthase 2 [18-604,R106Q]",2,1
1067,"Prostaglandin G/H synthase 2 [18-604,Y541F]",2,1
1068,Histone deacetylase 1/11/4/6/8,2,1
1069,Ephrin type-A receptor 2 [596-900],2,1
1070,Poly [ADP-ribose] polymerase 1,2,1
1071,GDH/6PGL endoplasmic bifunctional protein,2,1
1072,Amyloid-beta precursor protein,2,1
1073,Solute carrier organic anion transporter family member [3-691],2,1
1074,Aldo-keto reductase family 1 member C2,2,1
1075,Aldo-keto reductase family 1 member C1,2,1
1076,Dipeptidyl peptidase 3,2,1
1077,Transcription factor SOX-18,2,1
1078,Caspase-4,2,1
1079,Caspase-5,2,1
1080,DNA helicase [35-727],2,1
1081,Tyrosine-protein phosphatase non-receptor type 1,2,1
1082,Acetylcholinesterase,2,1
1083,"[Pyruvate dehydrogenase (acetyl-transferring)] kinase isozyme 2, mitochondrial",2,1
1084,Heat shock protein HSP 90-alpha [1-236],2,1
1085,ATP-dependent translocase ABCB1 bd-vinblastine,2,1
1086,Leucine-rich repeat serine/threonine-protein kinase 2 [970-2527],2,1
1087,"Leucine-rich repeat serine/threonine-protein kinase 2 [970-2527,I2020T]",2,1
1088,Isoform A1-A of Heterogeneous nuclear ribonucleoprotein A1 (A1-A),2,1
1089,Isoform A1-A of Heterogeneous nuclear ribonucleoprotein A1 (A1-A) 68-320],2,1
1090,Peroxisome proliferator-activated receptor delta,2,1
1091,Histone deacetylase (HDAC1 and HDAC2),2,1
1092,"6-phosphogluconate dehydrogenase, decarboxylating",2,1
1093,Glutathione S-transferase P,2,1
1094,Glucose-6-phosphate 1-dehydrogenase,2,1
1095,3-hydroxy-3-methylglutaryl-coenzyme A reductase,2,1
1096,UDP-glucuronosyltransferase 1A1,2,1
1097,UDP-glucuronosyltransferase 1A4,2,1
1098,UDP-glucuronosyltransferase 1-6,2,1
1099,UDP-glucuronosyltransferase 2B7,2,1
1100,UDP-glucuronosyltransferase 2B10,2,1
1101,"Epidermal growth factor receptor [T790M,L858R]",2,1
1102,Seed linoleate 13S-lipoxygenase-1,2,1
1103,Serine protease 1,2,1
1104,Prothrombin,2,1
1105,Urokinase-type plasminogen activator,2,1
1106,Chymotrypsin-like elastase family member 1,2,1
1107,Fatty-acid amide hydrolase 1 [30-579],2,1
1108,"RAF proto-oncogene serine/threonine-protein kinase [Y340D,Y341D]",2,1
1109,Beta-carbonic anhydrase 1,2,1
1110,Siderophore-binding protein,2,1
1111,Peroxisomal N(1)-acetyl-spermine/spermidine oxidase,2,1
1112,Spermine oxidase,2,1
1113,"Epidermal growth factor receptor [1-746,750-1210,A750P]",2,1
1114,"Epidermal growth factor receptor [1-746,753-1210,P753S]",2,1
1115,"Epidermal growth factor receptor [1-751,75360-1210]",2,1
1116,Epidermal growth factor receptor [G719S],2,1
1117,Epidermal growth factor receptor [L858R],2,1
1118,Epidermal growth factor receptor [L861Q],2,1
1119,Epidermal growth factor receptor [T790M],2,1
1120,Isoform 1 of Misshapen-like kinase 1 (MINK-delta),2,1
1121,Interstitial collagenase [100-268],2,1
1122,Tyrosine-protein phosphatase non-receptor type 1 [1-321],2,1
1123,Vascular endothelial growth factor A,2,1
1124,Proteasome subunit alpha type-6,2,1
1125,Actin,2,1
1126,Actin [R183K],2,1
1127,Actin [R335K],2,1
1128,"Serine/threonine-protein kinase B-raf [416-766,V600E]",2,1
1129,"RAF proto-oncogene serine/threonine-protein kinase [306-648,Y340D,Y341D]",2,1
1130,Non-specific protein-tyrosine kinase,2,1
1131,Non-specific protein-tyrosine kinase [T818I],2,1
1132,Nuclear receptor coactivator 2 [740-753],2,1
1133,"Epidermal growth factor receptor [668-1210,T790M,L858R]",2,1
1134,Tyrosine-protein kinase JAK1 [866-1154],2,1
1135,Tyrosine-protein kinase JAK2 [808-1132],2,1
1136,Tyrosine-protein kinase JAK3 [811-1124],2,1
1137,Non-receptor tyrosine-protein kinase TYK2 [888-1187],2,1
1138,Phosphatidylinositol 3-kinase regulatory subunit alpha,2,1
1139,Phosphatidylinositol 3-kinase regulatory subunit beta,2,1
1140,E3 ubiquitin-protein ligase Mdm2 [1-188],2,1
1141,Proto-oncogene tyrosine-protein kinase receptor Ret [V804L],2,1
1142,Proto-oncogene tyrosine-protein kinase receptor Ret [V804M],2,1
1143,Serine/threonine-protein kinase ATR,2,1
1144,Serine/threonine-protein kinase ULK1,2,1
1145,Bromodomain-containing protein 4 [44-167],2,1
1146,Bromodomain-containing protein 4 [349-460],2,1
1147,Histone deacetylase 3/Nuclear receptor corepressor 2 [395-489],2,1
1148,Histone deacetylase 4 [627-1085],2,1
1149,Histone deacetylase 7 [518-592],2,1
1150,Histone deacetylase 9 [604-1066],2,1
1151,Hsp90 co-chaperone Cdc37,2,1
1152,Cyclin-dependent kinase 6,2,1
1153,Spike glycoprotein,2,1
1154,Orf1a protein,2,1
1155,Isocitrate dehydrogenase [NADP] cytoplasmic,2,1
1156,Bromodomain-containing protein 4,2,1
1157,Tyrosine-protein kinase BTK [C481S],2,1
1158,"Isocitrate dehydrogenase [NADP], mitochondrial [R140Q]",2,1
1159,Sigma intracellular receptor 2,2,1
1160,Cyclin-A2 [177-432]/Cyclin-dependent kinase 2,2,1
1161,"Epidermal growth factor receptor [1-18,20-1210,T790M,C797S]",2,1
1162,Epidermal growth factor receptor/Interleukin-3,2,1
1163,"Epidermal growth factor receptor [1-18,20-1210]",2,1
1164,"Epidermal growth factor receptor [1-18,20-1210,T790M]",2,1
1165,"Epidermal growth factor receptor [1-18,20-1210,C797S]",2,1
1166,"Epidermal growth factor receptor [L858R,C797S]",2,1
1167,"Epidermal growth factor receptor [L858R,T790M,C797S]",2,1
1168,Epidermal growth factor receptor [S768I],2,1
1169,"Epidermal growth factor receptor [1-770,'SVD',771-1210]",2,1
1170,"Epidermal growth factor receptor [1-770,'NPG',771-1210]",2,1
1171,"Epidermal growth factor receptor [1-769,'SVD',770-1210]",2,1
1172,"Epidermal growth factor receptor [1-769,'SV',770-1210]",2,1
1173,Tyrosine-protein kinase JAK2 [V617F],2,1
1174,Integrin-linked protein kinase,2,1
1175,Histone-lysine N-methyltransferase EZH1,2,1
1176,Dimer of Receptor-type tyrosine-protein kinase FLT3,2,1
1177,Interleukin-1 receptor-associated kinase 1,2,1
1178,Interleukin-1 receptor-associated kinase 4,2,1
1179,Receptor-type tyrosine-protein kinase FLT3 [D835V],2,1
1180,Dimer of Receptor-type tyrosine-protein kinase FLT3 [D835V],2,1
1181,Dimer of Receptor-type tyrosine-protein kinase FLT3 [F691L],2,1
1182,Receptor-type tyrosine-protein kinase FLT3 [R834Q],2,1
1183,"Receptor-type tyrosine-protein kinase FLT3 [564-710,762-958]",2,1
1184,DNA gyrase inhibitor,2,1
1185,egfr-c797s/ t790m/del19,2,1
1186,Serine-protein kinase ATM,2,1
1187,Serine/threonine-protein kinase SIK3,2,1
1188,NAD(+) hydrolase SARM1,2,1
1189,Biofilm regulatory protein A,2,1
1190,"Epidermal growth factor receptor [1-773,'NPH',774-1210]",2,1
1191,"Epidermal growth factor receptor [1-769,'ASV',770-1210]",2,1
1192,"Receptor tyrosine-protein kinase erbB-2 [1-775,'YVMA',776-1255]",2,1
1193,egfr wt,2,1
1194,Mitochondrial pyruvate carrier 1/2,2,1
1195,Mitogen-activated protein kinase kinase kinase 1,2,1
1196,Proto-oncogene tyrosine-protein kinase receptor Ret [G810R],2,1
1197,Nicotinamide N-methyltransferase,2,1
1198,Pyruvate kinase PKM,2,1
1199,"cGMP-dependent 3',5'-cyclic phosphodiesterase",2,1
1200,P2Y purinoceptor 12,2,1
1201,Neutral alpha-glucosidase AB,2,1
1202,Prostaglandin G/H synthase 1/2,2,1
1203,5-hydroxytryptamine receptor 3A/3B,2,1
1204,Polyunsaturated fatty acid 5-lipoxygenase,2,1
1205,"Phospholipase A2, major isoenzyme",2,1
1206,Retinoic acid receptor RXR-gamma,2,1
1207,Retinoic acid receptor RXR-beta,2,1
1208,"cGMP-specific 3',5'-cyclic phosphodiesterase",2,1
1209,cAMP-dependent protein kinase catalytic subunit alpha/beta/gamma,2,1
1210,O94806/P05129/P05771/P17252/P24723/P41743/Q02156/Q04759/Q05513/Q05655/Q15139,2,1
1211,"cAMP-specific 3',5'-cyclic phosphodiesterase 4A/4B/4C/4D",2,1
1212,DNA-dependent protein kinase catalytic subunit,2,1
1213,Mitogen-activated protein kinase 1/3,2,1
1214,Protein kinase C alpha/beta/delta/epsilon/eta/gamma/theta/zeta type,2,1
1215,Calcium/calmodulin-dependent protein kinase type II subunit alpha/beta/delta/gamma,2,1
1216,Nischarin,2,1
1217,D(1A)/D(1B)/D(2)/D(3)/D(4) dopamine receptor,2,1
1218,Muscarinic acetylcholine receptor M1/M2/M3/M4/M5,2,1
1219,Thromboxane-A synthase,2,1
1220,Maltase-glucoamylase,2,1
1221,"Dual specificity calcium/calmodulin-dependent 3',5'-cyclic nucleotide phosphodiesterase 1A/1B/1C",2,1
1222,Gamma-aminobutyric acid receptor subunit gamma-1,2,1
1223,"Adenylate kinase 2, mitochondrial",2,1
1224,Adenylate kinase isoenzyme 1,2,1
1225,Adenosine receptor A3,2,1
1226,Adenosine receptor A2b,2,1
1227,DNA topoisomerase 2-beta,2,1
1228,Cholecystokinin receptor type A,2,1
1229,Bifunctional purine biosynthesis protein ATIC,2,1
1230,cAMP-dependent protein kinase catalytic subunit gamma,2,1
1231,Trifunctional purine biosynthetic protein adenosine-3,2,1
1232,Serotonin 2 (5-HT2) receptor,2,1
1233,Cytochrome P450 2D6,2,1
1234,Retinoic acid receptor alpha,2,1
1235,Retinoic acid receptor gamma,2,1
1236,Retinoic acid receptor beta,2,1
1237,Glyceraldehyde-3-phosphate dehydrogenase,2,1
1238,Lysine-specific histone demethylase 1A,2,1
1239,Beta-glucosidase A,2,1
1240,Trehalase,2,1
1241,Neutral alpha-glucosidase C,2,1
1242,"Sucrase-isomaltase, intestinal",2,1
1243,Alpha-mannosidase 2,2,1
1244,Integrase,2,1
1245,Lactase/phlorizin hydrolase,2,1
1246,Alpha-mannosidase,2,1
1247,DNA topoisomerase 1,2,1
1248,5-hydroxytryptamine receptor 1A/1B/1D/1F,2,1
1249,Gamma-aminobutyric acid receptor subunit alpha-6/beta-2/gamma-2,2,1
1250,Histone deacetylase 2b,2,1
1251,Cruzipain,2,1
1252,Cdc2,2,1
1253,Leukotriene A-4 hydrolase,2,1
1254,Luciferin 4-monooxygenase,2,1
1255,Protein mono-ADP-ribosyltransferase PARP4,2,1
1256,Cyclin-dependent kinase 1/G2/mitotic-specific cyclin-B1/G2/mitotic-specific cyclin-B2/G2/mitotic-specific cyclin-B3,2,1
1257,Serine/threonine-protein kinase Chk2,2,1
1258,Beta-secretase 1,2,1
1259,Solute carrier organic anion transporter family member 1B3,2,1
1260,Cellular tumor antigen p53,2,1
1261,Gamma-aminobutyric acid receptor subunit alpha-3/beta-2/gamma-2,2,1
1262,Gamma-aminobutyric acid receptor subunit alpha-1/beta-2/gamma-2,2,1
1263,Tumor necrosis factor,2,1
1264,Ephrin type-A receptor 3,2,1
1265,Serine/threonine-protein kinase 10,2,1
1266,Purine nucleoside phosphorylase,2,1
1267,Bone morphogenetic protein receptor type-1A,2,1
1268,Beta-glucosidase,2,1
1269,Leukocyte tyrosine kinase receptor,2,1
1270,Trypanothione reductase,2,1
1271,"cAMP-specific 3',5'-cyclic phosphodiesterase 4C",2,1
1272,Dual specificity protein kinase CLK1,2,1
1273,GABA-A receptor; alpha-2/beta-3/gamma-2,2,1
1274,Gamma-aminobutyric acid receptor subunit alpha-3/beta-3/gamma-2,2,1
1275,Cyclin-A1/Cyclin-A2/Cyclin-dependent kinase 2,2,1
1276,ATP-binding cassette sub-family C member 8/ATP-sensitive inward rectifier potassium channel 11,2,1
1277,Alpha-mannosidase 2C1,2,1
1278,Mitogen-activated protein kinase 11/12/13/14,2,1
1279,Sorbitol dehydrogenase,2,1
1280,Inhibitor of nuclear factor kappa-B kinase subunit beta,2,1
1281,Serine/threonine-protein kinase ULK3,2,1
1282,Ephrin type-A receptor 6,2,1
1283,Dual specificity protein kinase CLK3,2,1
1284,Serine/threonine-protein kinase PAK 1,2,1
1285,Mitogen-activated protein kinase kinase kinase 5,2,1
1286,Ornithine decarboxylase,2,1
1287,Prostaglandin D2 receptor 2,2,1
1288,"Dual 3',5'-cyclic-AMP and -GMP phosphodiesterase 11A",2,1
1289,Glycogen synthase kinase-3,2,1
1290,Mitogen-activated protein kinase 3,2,1
1291,rRNA adenine N-6-methyltransferase,2,1
1292,Polyunsaturated fatty acid lipoxygenase ALOX15B,2,1
1293,Inhibitor of nuclear factor kappa-B kinase subunit alpha,2,1
1294,Multidrug resistance-associated protein 1,2,1
1295,Matrix metalloproteinase-14,2,1
1296,Broad substrate specificity ATP-binding cassette transporter ABCG2,2,1
1297,Matrix metalloproteinase-9,2,1
1298,Cytochrome P450 2C9,2,1
1299,Misshapen-like kinase 1,2,1
1300,Mitogen-activated protein kinase kinase kinase 15,2,1
1301,SRSF protein kinase 3,2,1
1302,Receptor-interacting serine/threonine-protein kinase 4,2,1
1303,Cyclin-dependent kinase-like 3,2,1
1304,Homeodomain-interacting protein kinase 3,2,1
1305,Serine/threonine-protein kinase 35,2,1
1306,Phosphatidylinositol 4-kinase beta,2,1
1307,Microtubule-associated serine/threonine-protein kinase 1,2,1
1308,Megakaryocyte-associated tyrosine-protein kinase,2,1
1309,Serine/threonine-protein kinase NIM1,2,1
1310,Serine/threonine-protein kinase 38,2,1
1311,LIM domain kinase 2,2,1
1312,Serine/threonine-protein kinase LATS2,2,1
1313,Mitogen-activated protein kinase kinase kinase 13,2,1
1314,Hormonally up-regulated neu tumor-associated kinase,2,1
1315,Rhodopsin kinase GRK1,2,1
1316,Mitogen-activated protein kinase kinase kinase 7,2,1
1317,Serine/threonine-protein kinase TAO1,2,1
1318,cGMP-dependent protein kinase 2,2,1
1319,MAP kinase-activated protein kinase 2,2,1
1320,Uncharacterized serine/threonine-protein kinase SBK3,2,1
1321,Serine/threonine-protein kinase ULK2,2,1
1322,Serine/threonine-protein kinase Nek1,2,1
1323,Serine/threonine-protein kinase SIK3 [59-1321],2,1
1324,Serine/threonine-protein kinase 32C,2,1
1325,Serine/threonine-protein kinase MAK,2,1
1326,Serine/threonine-protein kinase PAK 2,2,1
1327,Serine/threonine-protein kinase 32B,2,1
1328,U4/U6 small nuclear ribonucleoprotein Prp4,2,1
1329,MAP kinase-activated protein kinase 5,2,1
1330,Dual specificity mitogen-activated protein kinase kinase 3,2,1
1331,Protein delta homolog 1,2,1
1332,Mitogen-activated protein kinase kinase kinase 6,2,1
1333,Cyclin-dependent kinase 15,2,1
1334,Cyclin-dependent kinase-like 5,2,1
1335,Homeodomain-interacting protein kinase 4,2,1
1336,STE20/SPS1-related proline-alanine-rich protein kinase,2,1
1337,Myosin-IIIa,2,1
1338,Serine/threonine-protein kinase RIO2,2,1
1339,Serine/threonine-protein kinase OSR1,2,1
1340,Serine/threonine-protein kinase ICK,2,1
1341,G protein-coupled receptor kinase 4,2,1
1342,Ribosomal protein S6 kinase beta-1,2,1
1343,Phosphatidylinositol 3-kinase C2 domain-containing subunit gamma,2,1
1344,Bone morphogenetic protein receptor type-1B,2,1
1345,Poly [ADP-ribose] polymerase tankyrase-2,2,1
1346,Mitogen-activated protein kinase kinase kinase 2,2,1
1347,Homeodomain-interacting protein kinase 1,2,1
1348,Ephrin type-B receptor 6,2,1
1349,Cyclin-dependent kinase-like 2,2,1
1350,Mitogen-activated protein kinase kinase kinase 3,2,1
1351,Mitogen-activated protein kinase kinase kinase 19,2,1
1352,Receptor tyrosine-protein kinase erbB-3,2,1
1353,Serine/threonine-protein kinase/endoribonuclease IRE1,2,1
1354,Homeodomain-interacting protein kinase 2,2,1
1355,Rhodopsin kinase GRK7,2,1
1356,Serine/threonine-protein kinase TAO3,2,1
1357,Dual specificity tyrosine-phosphorylation-regulated kinase 2,2,1
1358,Wee1-like protein kinase 2,2,1
1359,cAMP-dependent protein kinase catalytic subunit PRKX,2,1
1360,Insulin receptor-related protein,2,1
1361,"Aldehyde dehydrogenase, mitochondrial",2,1
1362,Fatty acid synthase,2,1
1363,ATP-dependent translocase ABCB1,2,1
1364,Cytosolic phospholipase A2 gamma,2,1
1365,Serine/threonine-protein kinase Sgk3,2,1
1366,Leucine-rich repeat serine/threonine-protein kinase 2,2,1
1367,Serine/threonine-protein kinase PknB,2,1
1368,Cyclin-dependent kinase 2 homolog,2,1
1369,Phosphatidylinositol 5-phosphate 4-kinase type-2 gamma,2,1
1370,Cyclin-dependent kinase 13,2,1
1371,Serine/threonine-protein kinase Nek11,2,1
1372,Serine/threonine-protein kinase VRK2,2,1
1373,Phosphatidylinositol 4-phosphate 5-kinase type-1 gamma,2,1
1374,Dual specificity mitogen-activated protein kinase kinase 5,2,1
1375,Serine/threonine-protein kinase Nek4,2,1
1376,Serine/threonine-protein kinase Nek3,2,1
1377,Transient receptor potential cation channel subfamily M member 6,2,1
1378,SNF-related serine/threonine-protein kinase,2,1
1379,Serine/threonine-protein kinase 32A,2,1
1380,Protein kinase C iota type,2,1
1381,Serine/threonine-protein kinase SBK1,2,1
1382,Dual specificity mitogen-activated protein kinase kinase 7,2,1
1383,Eukaryotic translation initiation factor 2-alpha kinase 1,2,1
1384,DNA topoisomerase,2,1
1385,DNA topoisomerase 2-alpha,2,1
1386,Ribonuclease pancreatic,2,1
1387,Deoxyribonuclease-1,2,1
1388,Deoxyribonuclease-2-alpha,2,1
1389,Type II restriction enzyme BamHI,2,1
1390,Type II restriction enzyme EcoRI,2,1
1391,Type II restriction enzyme HindIII,2,1
1392,Type II restriction enzyme PstI,2,1
1393,Type II restriction enzyme ScaI,2,1
1394,Telomerase reverse transcriptase,2,1
1395,Dual serine/threonine and tyrosine protein kinase,2,1
1396,Serine/threonine-protein kinase TAO2,2,1
1397,Peripheral plasma membrane protein CASK,2,1
1398,Cyclin-dependent kinase-like 1 [2-358],2,1
1399,Serine/threonine-protein kinase PRP4 homolog,2,1
1400,Alpha-glucosidase MAL62,2,1
1401,Aldo-keto reductase family 1 member B10,2,1
1402,TGF-beta-activated kinase 1 and MAP3K7-binding protein 1,2,1
1403,Stromelysin-1,2,1
1404,"Oligo-1,6-glucosidase IMA1",2,1
1405,Gamma-aminobutyric acid receptor subunit alpha-2/beta-2/gamma-2,2,1
1406,Gamma-aminobutyric acid receptor subunit alpha-5/beta-3/gamma-2,2,1
1407,Polymerase acidic protein,2,1
1408,Tubulin alpha-1A chain,2,1
1409,Glutathione reductase,2,1
1410,Aldo-keto reductase family 1 member A1,2,1
1411,Proton-coupled folate transporter,2,1
1412,Folate receptor beta,2,1
1413,Folate receptor alpha,2,1
1414,Reduced folate transporter,2,1
1415,Casein kinase I isoform alpha/delta/epsilon/gamma-1/gamma-2,2,1
1416,Metabotropic glutamate receptor 1/2/3/4/5/6/7/8,2,1
1417,Alpha-galactosidase A,2,1
1418,Free fatty acid receptor 1,2,1
1419,Polyprenyl synthetase family protein,2,1
1420,GABA-A receptor; alpha-5/beta-3/gamma-2,2,1
1421,Gamma-aminobutyric acid receptor subunit alpha-1/beta-3/gamma-2,2,1
1422,Phosphatidylinositol 4-phosphate 3-kinase C2 domain-containing subunit alpha,2,1
1423,"Cytochrome P450 11B2, mitochondrial",2,1
1424,Heat shock protein HSP 90,2,1
1425,"Glycogen phosphorylase, liver form",2,1
1426,Neuraminidase,2,1
1427,N-lysine methyltransferase SMYD2,2,1
1428,Histone-lysine N-methyltransferase KMT5C,2,1
1429,Histone-lysine N-methyltransferase SUV39H2,2,1
1430,Histone-lysine N-methyltransferase SUV39H1,2,1
1431,Histone-lysine N-methyltransferase SETDB1,2,1
1432,Histone-lysine N-methyltransferase SETD7,2,1
1433,Histone-lysine N-methyltransferase EHMT1,2,1
1434,Histone-lysine N-methyltransferase EHMT2,2,1
1435,E3 ubiquitin-protein ligase Mdm2,2,1
1436,Protein arginine N-methyltransferase 1 [11-371],2,1
1437,Macrophage migration inhibitory factor,2,1
1438,DNA (cytosine-5)-methyltransferase 1,2,1
1439,"High affinity cAMP-specific and IBMX-insensitive 3',5'-cyclic phosphodiesterase 8B",2,1
1440,"cAMP and cAMP-inhibited cGMP 3',5'-cyclic phosphodiesterase 10A",2,1
1441,"High affinity cGMP-specific 3',5'-cyclic phosphodiesterase 9A",2,1
1442,Alpha-1D adrenergic receptor,2,1
1443,"Succinate-semialdehyde dehydrogenase, mitochondrial",2,1
1444,"4-aminobutyrate aminotransferase, mitochondrial",2,1
1445,Dual specificity tyrosine-phosphorylation-regulated kinase 4,2,1
1446,Glycine receptor subunit alpha-1,2,1
1447,DNA topoisomerase 4 subunit A,2,1
1448,"Nitric oxide synthase, inducible",2,1
1449,Pancreatic triacylglycerol lipase,2,1
1450,Endoplasmin,2,1
1451,"Heat shock protein 75 kDa, mitochondrial",2,1
1452,Sodium channel protein type 5 subunit alpha,2,1
1453,Potassium voltage-gated channel subfamily D member 3,2,1
1454,Potassium voltage-gated channel subfamily E/KQT member 1,2,1
1455,Bile salt export pump,2,1
1456,Cytochrome P450 2E1,2,1
1457,Cytochrome P450 3A5,2,1
1458,Solute carrier family 28 member 3,2,1
1459,Sodium/nucleoside cotransporter 2,2,1
1460,Sodium/nucleoside cotransporter 1,2,1
1461,Equilibrative nucleoside transporter 2,2,1
1462,Equilibrative nucleoside transporter 1,2,1
1463,Protein arginine N-methyltransferase 5,2,1
1464,Protein arginine N-methyltransferase 7,2,1
1465,DNA (cytosine-5)-methyltransferase 3A,2,1
1466,DNA (cytosine-5)-methyltransferase 3B,2,1
1467,Serine/threonine-protein kinase A-Raf,2,1
1468,Polyphenol oxidase 2,2,1
1469,C-C chemokine receptor type 2,2,1
1470,Rho-associated protein kinase 1/2,2,1
1471,NAD-dependent protein deacetylase sirtuin-1,2,1
1472,NAD-dependent protein deacetylase sirtuin-2,2,1
1473,Cytochrome P450 2A13,2,1
1474,Cytochrome P450 2A6,2,1
1475,Cytochrome P450 1A2,2,1
1476,Cytochrome P450 2C19,2,1
1477,Cytochrome P450 2J2,2,1
1478,Nuclear receptor subfamily 1 group I member 2,2,1
1479,Albumin,2,1
1480,Transient receptor potential cation channel subfamily A member 1,2,1
1481,Transient receptor potential cation channel subfamily V member 1,2,1
1482,Steroid hormone receptor ERR1,2,1
1483,Isoform 1 of Steroid hormone receptor ERR2 (ERRbeta2-delta10),2,1
1484,"cGMP-inhibited 3',5'-cyclic phosphodiesterase 3B",2,1
1485,FKBP12A/mTOR,2,1
1486,Alpha-amylase,2,1
1487,Lactoylglutathione lyase,2,1
1488,Glutathione hydrolase 1 proenzyme,2,1
1489,Adenosine kinase,2,1
1490,Cytochrome P450 2B6,2,1
1491,Inosine-5'-monophosphate dehydrogenase 1,2,1
1492,Inosine-5'-monophosphate dehydrogenase 2,2,1
1493,Heat shock protein beta-1,2,1
1494,Prolyl endopeptidase,2,1
1495,Dipeptidyl peptidase 4,2,1
1496,Hormone-sensitive lipase,2,1
1497,Translocator protein,2,1
1498,Cytosolic beta-glucosidase,2,1
1499,"Indoleamine 2,3-dioxygenase 1",2,1
1500,Histone acetyltransferase p300,2,1
1501,CREB-binding protein,2,1
1502,Histone acetyltransferase KAT2B,2,1
1503,Histone acetyltransferase KAT5,2,1
1504,Cannabinoid receptor 2,2,1
1505,Cannabinoid receptor 1,2,1
1506,Gag-Pol polyprotein [489-587],2,1
1507,Cytochrome P450 26B1,2,1
1508,Cytochrome P450 26A1,2,1
1509,Lymphocyte antigen 96,2,1
1510,Cholinesterase,2,1
1511,Cell division cycle 7-related protein kinase/Protein DBF4 homolog A,2,1
1512,Eukaryotic elongation factor 2 kinase,2,1
1513,Eukaryotic translation initiation factor 2-alpha kinase 3,2,1
1514,Serine/threonine-protein kinase Sgk1,2,1
1515,Cytochrome P450 1A1,2,1
1516,Synapsin-1,2,1
1517,"Cytosol aminopeptidase [33-68,L62W]",2,1
1518,Histone deacetylase-like amidohydrolase,2,1
1519,Interleukin-8,2,1
1520,Carbonic anhydrase 15,2,1
1521,Androgen receptor,2,1
1522,DNA polymerase eta,2,1
1523,DNA polymerase iota,2,1
1524,Mitogen-activated protein kinase kinase kinase 8,2,1
1525,CDK-activating kinase assembly factor MAT1/Cyclin-H/Cyclin-dependent kinase 7,2,1
1526,G1/S-specific cyclin-D2,2,1
1527,Histone deacetylase 1/2/3,2,1
1528,Microtubule-associated protein tau,2,1
1529,CDGSH iron-sulfur domain-containing protein 1,2,1
1530,Non-lysosomal glucosylceramidase,2,1
1531,Casein kinase I delta/epsilon,2,1
1532,Cysteine protease ATG4B,2,1
1533,Hypoxia-inducible factor 1-alpha inhibitor,2,1
1534,Neutrophil elastase,2,1
1535,Bromodomain testis-specific protein,2,1
1536,Peroxiredoxin-like 2A,2,1
1537,"Ferrochelatase, mitochondrial",2,1
1538,Bromodomain-containing protein 3,2,1
1539,Bromodomain-containing protein 2,2,1
1540,Nuclear factor erythroid 2-related factor 2,2,1
1541,Adenosine receptor A2a/A2b,2,1
1542,DNA topoisomerase 2-alpha/2-beta,2,1
1543,Ceramide glucosyltransferase,2,1
1544,Glycogen debranching enzyme,2,1
1545,"Phosphodiesterase/cAMP-specific 3',5'-cyclic phosphodiesterase 4A/cAMP-specific 3',5'-cyclic phosphodiesterase 4C/cAMP-specific 3',5'-cyclic phosphodiesterase 4D",2,1
1546,Sialidase-2,2,1
1547,Angiotensin-converting enzyme,2,1
1548,Serine hydrolase RBBP9,2,1
1549,"Dual specificity calcium/calmodulin-dependent 3',5'-cyclic nucleotide phosphodiesterase 1B/Dual specificity calcium/calmodulin-dependent 3',5'-cyclic nucleotide phosphodiesterase 1C/Phosphodiesterase",2,1
1550,Poly [ADP-ribose] polymerase tankyrase-1,2,1
1551,Protein mono-ADP-ribosyltransferase PARP3 [R100H],2,1
1552,Poly [ADP-ribose] polymerase 2,2,1
1553,Hyaluronidase-1,2,1
1554,Bcl-2-like protein 1,2,1
1555,Virokine/NFkB inhibitor,2,1
1556,Sialidase,2,1
1557,"Dual specificity calcium/calmodulin-dependent 3',5'-cyclic nucleotide phosphodiesterase 1A/1B",2,1
1558,NADPH oxidase 4,2,1
1559,D(1A)/D(2) dopamine receptor,2,1
1560,Receptor-type tyrosine-protein kinase FLT3,2,1
1561,Hypoxia-inducible factor 1-alpha,2,1
1562,Sodium channel protein type 1/2/3 subunit alpha,2,1
1563,Histamine N-methyltransferase,2,1
1564,Phenylethanolamine N-methyltransferase,2,1
1565,Isocitrate lyase,2,1
1566,Alpha-1A/Alpha-1B/Alpha-1D adrenergic receptor,2,1
1567,Aldehyde oxidase,2,1
1568,BiP isoform A,2,1
1569,Calmodulin-1,2,1
1570,E3 ubiquitin-protein ligase XIAP,2,1
1571,Cholecystokinin receptor type A/Gastrin/cholecystokinin type B receptor,2,1
1572,Alpha-2A adrenergic receptor [16-465]/Alpha-2B adrenergic receptor/Alpha-2C adrenergic receptor,2,1
1573,Multidrug resistance protein MdtK,2,1
1574,5-hydroxytryptamine receptor 2A/2B/2C,2,1
1575,Signal transducer and activator of transcription 3,2,1
1576,Glutathione S-transferase,2,1
1577,"Glutathione reductase, mitochondrial",2,1
1578,Hydroxycarboxylic acid receptor 2,2,1
1579,Phosphatidylinositol 4-kinase type 2-alpha,2,1
1580,ADP-ribosyl cyclase/cyclic ADP-ribose hydrolase 1,2,1
1581,Carbonic anhydrase,2,1
1582,Prostaglandin E2 receptor EP1 subtype,2,1
1583,Prostaglandin E2 receptor EP4 subtype,2,1
1584,Prostaglandin D2 receptor,2,1
1585,Ricin,2,1
1586,Protein kinase C alpha/beta/gamma type,2,1
1587,Cystine/glutamate transporter,2,1
1588,Serine/threonine-protein kinase WNK1,2,1
1589,"[Pyruvate dehydrogenase (acetyl-transferring)] kinase isozyme 1, mitochondrial",2,1
1590,Nucleotide-binding oligomerization domain-containing protein 2,2,1
1591,Protein mono-ADP-ribosyltransferase PARP3,2,1
1592,Protein mono-ADP-ribosyltransferase PARP15,2,1
1593,Protein mono-ADP-ribosyltransferase PARP12,2,1
1594,Protein mono-ADP-ribosyltransferase PARP10,2,1
1595,Protein mono-ADP-ribosyltransferase PARP14,2,1
1596,Tyrosine-protein phosphatase non-receptor type 7,2,1
1597,Testis-specific serine/threonine-protein kinase 2,2,1
1598,Serine/threonine-protein kinase WNK2,2,1
1599,G protein-coupled receptor kinase 5,2,1
1600,G protein-coupled receptor kinase 6,2,1
1601,MAP kinase-activated protein kinase 3,2,1
1602,PAS domain-containing serine/threonine-protein kinase,2,1
1603,Polycystin-2,2,1
1604,Tissue alpha-L-fucosidase,2,1
1605,Sodium/glucose cotransporter 2,2,1
1606,Sodium/glucose cotransporter 1,2,1
1607,Tissue factor,2,1
1608,"Histone-lysine N-methyltransferase, H3 lysine-79 specific",2,1
1609,Cyclin-C,2,1
1610,Polycomb protein EED,2,1
1611,Calcium dependent protein kinase,2,1
1612,Dual specificity tyrosine-phosphorylation-regulated kinase 3,2,1
1613,Squalene monooxygenase,2,1
1614,Reverse transcriptase/RNaseH,2,1
1615,Solute carrier family 22 member 1,2,1
1616,Lysozyme C-1,2,1
1617,Beta-glucuronidase,2,1
1618,Indolethylamine N-methyltransferase,2,1
1619,Myeloperoxidase,2,1
1620,Lactoperoxidase,2,1
1621,ELAV-like protein 1,2,1
1622,ELAV-like protein 3,2,1
1623,Prostaglandin-H2 D-isomerase,2,1
1624,Nuclear receptor corepressor 1,2,1
1625,Nicotinamide phosphoribosyltransferase,2,1
1626,Adenosine deaminase,2,1
1627,Integrin alpha-IIb/beta-3,2,1
1628,ATP-binding cassette sub-family C member 4,2,1
1629,ATP-binding cassette sub-family C member 2,2,1
1630,ATP-binding cassette sub-family C member 3,2,1
1631,Homeobox protein Nkx-2.5/Transcription factor GATA-4,2,1
1632,Acid-sensing ion channel 1,2,1
1633,Acid-sensing ion channel 3,2,1
1634,Retinoblastoma-associated protein,2,1
1635,Gamma-aminobutyric acid receptor subunit alpha-6/beta-3/gamma-2,2,1
1636,"3',5'-cyclic-AMP phosphodiesterase",2,1
1637,Chymotrypsin-C,2,1
1638,Major prion protein,2,1
1639,MO15-related protein kinase Pfmrk,2,1
1640,Chymotrypsinogen B,2,1
1641,Malate dehydrogenase,2,1
1642,Smoothened homolog,2,1
1643,"Glycogen phosphorylase, muscle form",2,1
1644,Adenylate cyclase type 5,2,1
1645,Putative alpha-glucosidase,2,1
1646,H(+)-exporting diphosphatase,2,1
1647,Enoyl-acyl-carrier protein reductase,2,1
1648,3-hydroxyacyl-[acyl-carrier-protein] dehydratase,2,1
1649,3-oxoacyl-acyl-carrier protein reductase,2,1
1650,Enoyl-[acyl-carrier-protein] reductase [NADH] FabI,2,1
1651,Protein arginine N-methyltransferase 1,2,1
1652,Mandelate racemase,2,1
1653,Dehydrogenase/reductase SDR family member 9,2,1
1654,Protein-arginine deiminase type-4,2,1
1655,Aldo-keto reductase family 1 member C21,2,1
1656,Growth hormone-releasing hormone receptor,2,1
1657,"NAD-dependent protein deacetylase sirtuin-3, mitochondrial",2,1
1658,Aurora kinase A-interacting protein,2,1
1659,Lysine--tRNA ligase,2,1
1660,Solute carrier family 22 member 6,2,1
1661,Solute carrier family 22 member 20,2,1
1662,Lethal factor,2,1
1663,17-beta-hydroxysteroid dehydrogenase type 1,2,1
1664,17-beta-hydroxysteroid dehydrogenase type 2,2,1
1665,"Fatty acid-binding protein, liver",2,1
1666,"Dihydroorotate dehydrogenase (quinone), mitochondrial",2,1
1667,Dihydroorotate dehydrogenase (fumarate),2,1
1668,"Glyceraldehyde-3-phosphate dehydrogenase, glycosomal",2,1
1669,Zinc finger protein GLI2,2,1
1670,Proto-oncogene tyrosine-protein kinase LCK,2,1
1671,Myocilin,2,1
1672,Pteridine reductase 1,2,1
1673,5'-nucleotidase,2,1
1674,Cell division cycle 7-related protein kinase,2,1
1675,High mobility group protein B1,2,1
1676,Butyrophilin subfamily 3 member A1,2,1
1677,Methylosome protein 50/Protein arginine N-methyltransferase 5,2,1
1678,Pleiotropic ABC efflux transporter of multiple drugs,2,1
1679,"Serine hydroxymethyltransferase, cytosolic",2,1
1680,Protein E6,2,1
1681,Serine/threonine-protein kinase haspin,2,1
1682,G-protein coupled receptor 35,2,1
1683,Aldo-keto reductase family 1 member C4,2,1
1684,Macrophage metalloelastase,2,1
1685,Orphan methyltransferase M.SssI,2,1
1686,Monocarboxylate transporter 1,2,1
1687,Monocarboxylate transporter 2,2,1
1688,Solute carrier organic anion transporter family member 1A3,2,1
1689,ABC-type glutathione-S-conjugate transporter,2,1
1690,ATP-citrate synthase,2,1
1691,Solute carrier organic anion transporter family member 2B1,2,1
1692,"NAD-dependent protein deacylase sirtuin-5, mitochondrial",2,1
1693,Histone-arginine methyltransferase CARM1,2,1
1694,Squalene synthase,2,1
1695,Voltage-dependent N-type calcium channel subunit alpha-1B,2,1
1696,Histamine H3 receptor,2,1
1697,"Carnitine O-palmitoyltransferase 2, mitochondrial",2,1
1698,"Carnitine O-palmitoyltransferase 1, liver isoform",2,1
1699,Cytochrome c oxidase subunit 2,2,1
1700,"Folylpolyglutamate synthase, mitochondrial",2,1
1701,Sphingosine kinase 1,2,1
1702,Integrin alpha-V/beta-3,2,1
1703,Casein kinase II subunit alpha 3,2,1
1704,7-dehydrocholesterol reductase,2,1
1705,NAD-dependent protein deacylase sirtuin-6,2,1
1706,C-C motif chemokine 2,2,1
1707,Cyclin-dependent kinase/G1/S-specific cyclin- 1,2,1
1708,Solute carrier organic anion transporter family member 1A1,2,1
1709,Solute carrier organic anion transporter family member 1A4,2,1
1710,Solute carrier family 22 member 2,2,1
1711,Solute carrier family 22 member 8,2,1
1712,Nuclear receptor subfamily 4 group A member 1,2,1
1713,Sex hormone-binding globulin,2,1
1714,Probable maltase-glucoamylase 2,2,1
1715,"High affinity cAMP-specific 3',5'-cyclic phosphodiesterase 7A",2,1
1716,Multidrug and toxin extrusion protein 2,2,1
1717,Multidrug and toxin extrusion protein 1,2,1
1718,Solute carrier family 22 member 3,2,1
1719,C-X-C chemokine receptor type 1,2,1
1720,C-C chemokine receptor type 4,2,1
1721,Botulinum neurotoxin type A,2,1
1722,Myelin transcription factor 1,2,1
1723,Interstitial collagenase,2,1
1724,Myc proto-oncogene protein,2,1
1725,Transcription factor ETV6,2,1
1726,Peptidyl-prolyl cis-trans isomerase NIMA-interacting 1,2,1
1727,3-oxoacyl-[acyl-carrier-protein] reductase,2,1
1728,"Solute carrier family 2, facilitated glucose transporter member 1",2,1
1729,GTPase KRas,2,1
1730,GTP-binding protein Rheb,2,1
1731,Arginase,2,1
1732,Signal transducer and activator of transcription 1-alpha/beta,2,1
1733,Uracil nucleotide/cysteinyl leukotriene receptor,2,1
1734,Cyclin-dependent kinase 13/Cyclin-K,2,1
1735,Cyclin-dependent kinase 12,2,1
1736,Phosphatidylinositol 4-kinase alpha,2,1
1737,Proteasome subunit beta type-5,2,1
1738,Histidine kinase,2,1
1739,Virulence sensor histidine kinase PhoQ,2,1
1740,Synaptic vesicular amine transporter,2,1
1741,Histone deacetylase 1/REST corepressor 3,2,1
1742,Phosphoglycerate mutase 1,2,1
1743,Cathepsin D,2,1
1744,2-Hydroxyacid oxidase 1,2,1
1745,"HLA class I histocompatibility antigen, A alpha chain",2,1
1746,NAD-dependent protein deacetylase sirtuin-7,2,1
1747,Aurora kinase B/Inner centromere protein,2,1
1748,Heme oxygenase 1,2,1
1749,"Phosphatidylinositol 3-kinase regulatory subunit alpha/4,5-bisphosphate 3-kinase catalytic subunit gamma isoform",2,1
1750,"Phosphatidylinositol 3,4,5-trisphosphate 5-phosphatase 2",2,1
1751,Glycogen synthase kinase-3 beta/[Tau protein] kinase,2,1
1752,Quinolone resistance protein NorA,2,1
1753,Phosphoglycerate kinase 1,2,1
1754,"Dual specificity calcium/calmodulin-dependent 3',5'-cyclic nucleotide phosphodiesterase 1A/1B/1C/cGMP-specific 3',5'-cyclic phosphodiesterase",2,1
1755,Similar to alpha-tubulin isoform 1,2,1
1756,Sortase family protein,2,1
1757,C-X-C chemokine receptor type 1/2,2,1
1758,Tubulin beta chain,2,1
1759,Farnesyl diphosphate synthase,2,1
1760,Reverse transcriptase,2,1
1761,Integrin alpha-L,2,1
1762,Sortase,2,1
1763,Stromelysin-3,2,1
1764,Early activation antigen CD69,2,1
1765,Killer cell lectin-like receptor subfamily B member 1A,2,1
1766,Peroxisome proliferator-activated receptor alpha/delta/gamma,2,1
1767,Monocarboxylate transporter 4,2,1
1768,Avidin,2,1
1769,Streptavidin,2,1
1770,Type-1 angiotensin II receptor A,2,1
1771,Apoptosis regulator Bcl-2,2,1
1772,DNA topoisomerase 2,2,1
1773,D-alanine--D-alanine ligase,2,1
1774,D-alanine--D-alanine ligase B,2,1
1775,Trypsin,2,1
1776,Anthrax toxin receptor 2,2,1
1777,Urease subunit beta,2,1
1778,Tubulin beta-3 chain,2,1
1779,"Cholesterol side-chain cleavage enzyme, mitochondrial",2,1
1780,Voltage-dependent L-type calcium channel subunit alpha-1C/alpha-1D/alpha-1F/alpha-1S,2,1
1781,Chitinase,2,1
1782,Voltage-dependent L-type calcium channel subunit alpha-1S,2,1
1783,Chymotrypsinogen A,2,1
1784,Target of rapamycin complex 2 subunit MAPKAP1,2,1
1785,Target of rapamycin complex subunit LST8,2,1
1786,"Isocitrate dehydrogenase [NADP], mitochondrial",2,1
1787,"NACHT, LRR and PYD domains-containing protein 3",2,1
1788,Tau-tubulin kinase 1,2,1
1789,Cyclin-Y/Cyclin-dependent kinase 16,2,1
1790,Inactive tyrosine-protein kinase PEAK1,2,1
1791,Calcium/calmodulin-dependent protein kinase type 1B,2,1
1792,Cyclin-Y/Cyclin-dependent kinase 17,2,1
1793,Cyclin-Y/Cyclin-dependent kinase 18,2,1
1794,Cyclin-O,2,1
1795,Cyclin-K,2,1
1796,CDK9/Cyclin-T2,2,1
1797,Serine/threonine-protein kinase/endoribonuclease IRE2,2,1
1798,Hexokinase-4,2,1
1799,Beta-adrenergic receptor kinase 2,2,1
1800,Kinase suppressor of Ras 1,2,1
1801,Kinase suppressor of Ras 2,2,1
1802,Serine/threonine-protein kinase Nek8,2,1
1803,Lymphokine-activated killer T-cell-originated protein kinase,2,1
1804,Serine/threonine-protein kinase N3,2,1
1805,Serine/threonine-protein kinase Sgk2,2,1
1806,Protein odd-skipped-related 1,2,1
1807,Testis-specific serine/threonine-protein kinase 3,2,1
1808,Cyclin-dependent kinase 3/G1/S-specific cyclin-E1,2,1
1809,Beta-adrenergic receptor kinase 1,2,1
1810,Testis-specific serine/threonine-protein kinase 6,2,1
1811,Cyclin-A1/Cyclin-dependent kinase 2,2,1
1812,Cyclin-Y,2,1
1813,Mitogen-activated protein kinase kinase kinase 21,2,1
1814,Ribosomal protein S6 kinase beta-2,2,1
1815,Pirin,2,1
1816,Histone deacetylase 1/2/3/8,2,1
1817,Nonstructural protein 3,2,1
1818,Bromodomain-containing protein 9,2,1
1819,Bromodomain-containing protein 7,2,1
1820,Inositol hexakisphosphate kinase 2,2,1
1821,Inositol polyphosphate multikinase,2,1
1822,La-related protein 7,2,1
1823,CDGSH iron-sulfur domain-containing protein 2,2,1
1824,tRNA (guanine-N(1)-)-methyltransferase,2,1
1825,Short transient receptor potential channel 5,2,1
1826,Receptor-interacting serine/threonine-protein kinase 3,2,1
1827,Mixed lineage kinase domain-like protein,2,1
1828,Polypeptide N-acetylgalactosaminyltransferase 2,2,1
1829,Thiosulfate sulfurtransferase,2,1
1830,"60 kDa heat shock protein, mitochondrial",2,1
1831,Co-chaperonin GroES,2,1
1832,Chaperonin GroEL,2,1
1833,Protein Tat,2,1
1834,Dipeptidyl peptidase 1,2,1
1835,Toll-like receptor 2,2,1
1836,Sodium/bile acid cotransporter,2,1
1837,Complement C5,2,1
1838,Sarcoplasmic/endoplasmic reticulum calcium ATPase 2,2,1
1839,Sarcoplasmic/endoplasmic reticulum calcium ATPase 1,2,1
1840,Sarcoplasmic/endoplasmic reticulum calcium ATPase 3,2,1
1841,Thioredoxin reductase 3,2,1
1842,Retinoic acid receptor RXR-alpha/RXR-beta/RXR-gamma,2,1
1843,"Heat shock protein 90, putative",2,1
1844,Catechol O-methyltransferase,2,1
1845,Amine oxidase [flavin-containing] A/B,2,1
1846,"Phosphatidylinositol 4,5-bisphosphate 3-kinase catalytic subunit delta/gamma isoform",2,1
1847,Protein arginine N-methyltransferase 3,2,1
1848,"Dual specificity calcium/calmodulin-dependent 3',5'-cyclic nucleotide phosphodiesterase 1A",2,1
1849,Cysteine protease,2,1
1850,Serine/threonine-protein kinase LMTK3,2,1
1851,DNA polymerase alpha catalytic subunit,2,1
1852,Apoptosis regulator BAX,2,1
1853,Aspartyl/asparaginyl beta-hydroxylase,2,1
1854,Cystathionine gamma-lyase,2,1
1855,Protein cereblon,2,1
1856,DNA topoisomerase 4 subunit B,2,1
1857,Platelet glycoprotein VI,2,1
1858,Ectonucleoside triphosphate diphosphohydrolase 1,2,1
1859,Arginase-1,2,1
1860,Alpha-synuclein,2,1
1861,Carboxylic ester hydrolase,2,1
1862,Coiled-coil domain-containing protein 6,2,1
1863,Mitogen-activated protein kinase kinase kinase 7/TGF-beta-activated kinase 1 and MAP3K7-binding protein 1,2,1
1864,Nuclear receptor subfamily 4 group A member 3,2,1
1865,Serine/threonine-protein kinase Sgk2 [61-427],2,1
1866,Cyclin-dependent kinase 18,2,1
1867,Methionine synthase,2,1
1868,DNA repair protein RAD52 homolog,2,1
1869,Mucosa-associated lymphoid tissue lymphoma translocation protein 1,2,1
1870,Histone-lysine N-methyltransferase NSD2,2,1
1871,Toll-like receptor 4,2,1
1872,Microtubule-associated proteins 1A/1B light chain 3A,2,1
1873,Microtubule-associated proteins 1A/1B light chain 3B,2,1
1874,"Thioredoxin reductase 1, cytoplasmic",2,1
1875,Type-1 angiotensin II receptor,2,1
1876,Trace amine-associated receptor 1,2,1
1877,N6-adenosine-methyltransferase catalytic subunit,2,1
1878,Replicase polyprotein 1a,2,1
1879,LIM domain kinase 1/2,2,1
1880,NAD kinase,2,1
1881,Anoctamin-1,2,1
1882,Alpha-1-antitrypsin-related protein,2,1
1883,tRNA (cytosine(38)-C(5))-methyltransferase,2,1
1884,Lysine-specific demethylase 4B,2,1
1885,Lysine-specific demethylase 4C,2,1
1886,Lysine-specific demethylase 5A,2,1
1887,Lysine-specific demethylase 6B,2,1
1888,Gamma-aminobutyric acid receptor subunit alpha-5/beta-2/gamma-2,2,1
1889,RuvB-like 1,2,1
1890,RuvB-like 2,2,1
1891,SAFB-like transcription modulator,2,1
1892,Protein mono-ADP-ribosyltransferase PARP8,2,1
1893,Protein mono-ADP-ribosyltransferase PARP9,2,1
1894,Protein mono-ADP-ribosyltransferase PARP11,2,1
1895,Protein mono-ADP-ribosyltransferase PARP16,2,1
1896,D-amino-acid oxidase,2,1
1897,Protein Mdm4,2,1
1898,Vitamin D3 receptor,2,1
1899,Alpha-ketoglutarate-dependent dioxygenase FTO,2,1
1900,DNA oxidative demethylase ALKBH2,2,1
1901,Alpha-ketoglutarate-dependent dioxygenase alkB homolog 3,2,1
1902,RNA demethylase ALKBH5,2,1
1903,Lysine-specific demethylase 5B,2,1
1904,A disintegrin and metalloproteinase with thrombospondin motifs 4,2,1
1905,A disintegrin and metalloproteinase with thrombospondin motifs 5,2,1
1906,Sulfotransferase 1A1,2,1
1907,Sulfotransferase 2A1,2,1
1908,Breakpoint cluster region protein,2,1
1909,11-beta-hydroxysteroid dehydrogenase 1,2,1
1910,11-beta-hydroxysteroid dehydrogenase type 2,2,1
1911,5'-AMP-activated protein kinase subunit beta-2,2,1
1912,Phosphatidylinositol 5-phosphate 4-kinase type-2 alpha,2,1
